song_id,name,video_duration,popularity,video_id,album_id,song_num,disc_num
5QiiYSr4pJMPOESQznu2IC,WAYO,213,68,mV9-REbGB00,7d9gYifXh5njpsNEvCmLLP,1,1
3omvXShuRPM3zbDpWYqf5g,MORE & MORE,241,82,mH0_XpSHkZo,5KsduuDNWzt65TaHzmtciv,1,1
6tCssnvTUREcperDOUTqvA,WANNABE,219,81,fE2h3lGlOsk,2gertXS08whDTzBWfmewPO,1,1
2f4o2u8yAANvg3hQ8BNm4Q,When We Were Us,249,49,n0LZmB2UjxA,0iUESqGVBginzy7gCYMvt2,1,1
0pYacDCZuRhcrwGUA5nTBe,eight(Prod.&Feat. SUGA of BTS),222,85,TgOu00Mf3kI,5vJNAlQeTf9lsulO1YlmSt,1,1
6kKC35sKUh2FUx4M0qAL44,Candy,231,77,gmgcRWxhmqY,75sPv82oaDKYjtuuS4l3Vc,1,1
0H4ugk6rhnXmTl47ayy9O5,Daechwita,269,82,qGjAWJ2zWWI,0zhGddZ83RpCgnelKWa2qS,2,1
0vFKaaqXkeaaC2iGtKRGyt,My Friend,166,62,-9uKaiCe0Qc,21Rd8YU3BI7P4PVtfsf9ji,1,1
2qI0Uchpdc2RkzuhbRnnZ8,Can't You See Me?,230,77,cMFHUTJ13Ys,2fL64wNyyZ4BwwRImYeora,2,1
3CYH422oy1cZNoo0GTG1TK,Psycho,216,80,uR8Mrt1IpXg,3rVtm00UfbuzWOewdm4iYM,1,1
2ljLbFotsy2hFxAkjpsfbb,Dumhdurum,221,68,WqzTRK5GPWQ,0mWs7UThGJG413FaTzPq9Y,1,1
0O22hXRIdbyrnMQk7VldC9,Punch,269,69,Iox2gdsberQ,64F7bFLt8ULAfBl2L4Pyv4,1,1
59lh6XYTsfhoXXTNU8TUrz,FANTASIA,192,69,p2JzPlpA1Iw,44BCatQBdneFkyzOVrR0M4,1,1
3As0OA5B06BxLfADvYyG8L,Stay Tonight,230,74,YPFIh0dfYfw,41rtmYpSvv0s6p4TJwTzrR,1,1
3CyCjgTHFzqucmECajq8QA,DUN DUN,209,75,NoYKBAajoyo,5ByQ39IHGxrddAwQcnxvoj,2,1
2DmRXiyn03tOqKgEJXlaiJ,Oh my god,201,75,om3n2ni8luE,57sl8AvqVqm4Fadre0z8FQ,1,1
4s0dJmVknlUl7V6oK3puzZ,Zombie,213,73,WehhSc1knYY,3JX0hnu8b55RtbtEdUSYor,2,1
5joNJn9LUvYcamWwa2iYCL,Nonstop,204,71,iDjQSdN_ig8,7J8Kp48L7RdLkpjSVrO5PY,1,1
0EMD15EVNwDlgGH2CH6ZEL,Ridin',212,74,vofjeJvRT9c,1V5ilz8ghPl1PZJA1hbw3r,1,1
2UBobeH9pS8Hm7v60MqTlA,Wing,222,58,_Gn-bfrembY,6XqSbtKtmWkEAYbXfzFkV6,2,1
1pmfd0ohjfh1qXPWvjaC1o,NOT BY THE MOON,237,74,ladClnnJhqg,5lX6uJNNwzEZU7TF1RyAdT,3,1
1Rk53ni9MhBXiksSSaKN7Y,Leo (feat. BAEKHYUN),203,61,L8UUYfe6-UA,1wnPosDt7DsSYDDLQ2XBdh,3,1
3IB5qOeMayvpOdHxYCL5tZ,ON (Feat. Sia),336,76,rsXLf5V5Av0,6mJZTV8lCqnwftYZa94bXS,20,1
1iIhGHzzrzqQfuNkFI2qAn,Any song,248,76,UuV2BmJ1p_I,7LYZM7I172wUjIKjCnxuAQ,1,1
5F6RrFgt1yvRhNCdAEumM6,Spit it out,235,70,bD06B-5SsSE,1pLSlOXtHKPoSoB6ovnIAK,1,1
5c1XGYFuC16Z7FIvWu6S0j,Filter,181,24,dNUnnb8F-Cw,7HXqq0fokRpOKG0bQW4xnB,8,1
24NuEDgyRIljwSyY0lsr7b,Black Swan,218,77,0lapF4DQPKQ,4RR8ROIGix5CbCGlXHA53I,1,1
71vPAjlG1x606483GTJNhY,FIESTA,218,71,eDEFolvLn0A,4yAAAWwN4WaxefmncjDsMw,2,1
459mRPsscVLMvVL59gr7EM,Happy,226,68,Raj-AuQgCTg,1nPB6o7EjGvUORXlnioEPk,1,1
3IdPtyJHB1WVPM4eCiCAKM,Answer,274,70,dTT3MRODUsA,3TTkDOcSzRQCvGMT7VmmPE,1,1
7huWBxXBSizb0tftJRbJed,RED MOON,180,67,ZAEqQPAEkug,6JnGKQyvg5QKS9FOyjFkvG,2,1
2XD5I0ZeUVwM4LFSEKmKst,Hold,260,65,YURT0erwtJc,6rh15TQEKLTUVGzjeSHWbB,1,1
1QRgdZiZAj2EfRMLBVu9af,Dive,201,65,brP5M0o4hi8,0wOlHVp82SZuQisxdigqkP,2,1
3vPHCKu5UhbGLe9rs8dBGr,Scream,210,67,FKlGHHhTOsQ,7no7EZnKgoRWBbGMjZo9gB,2,1
7w3pIUjz7BTTqj9uAws40m,So What,274,67,8Vto_qUIjcA,6rOL2mghTfDyx5CY0eU1Dn,2,1
00S4PrcWUb3f3dQ9PuC0uy,2U,217,64,GmqfRBaJm6I,54mKbSh20yke318bPZMsjb,2,1
3zhb2FclGaz3NKovP79Kwk,Break all the Rules,219,64,NFlceOv8LMU,0ygafCgqBc6OwdjsmQEh7G,2,1
5KqOPtE8nhYtgcXzrIt6N0,A Song Written Easily,273,65,JMCUMBLAYFQ,3uMb3hF3aAlK7wPU4w8o9D,1,1
40ZLOoPhvn8HkMBBJRP1kq,Remember,255,63,NTJ8esMHW2E,5VnB3wqkqy6bcf9eKGTFOo,1,1
3diZHzXj5LNxztVwBjnebn,Mixtape : On Track,214,66,XkxWIAe3NDU,71SzCgInpeGCfcmn4FbEth,1,1
7iQTGSIl9m4jofHBGby9kZ,2YA2YAO!,210,63,Uqi34thogl4,32o8mUN1uID4VlBUrsCN2f,1,1
6HavrP0eerKhssA8CcG0pi,Spring,206,62,GpYOfM_PwZg,6xaWLppjby7704k6R7CNHB,1,1
7AJ2rEaM0kYulj33j7xemp,GRAVITY,219,61,n8SlTKaAmYo,2Bmk3UzqXangMY3WNssyOh,1,1
5eOb7OPhOkN0gUicVIcOCH,"ROSE, SCENT, KISS",252,61,yN1_Z6bYL-k,5FFZIyxJB33f3kgpCyDURC,3,1
3ZWCWArPYr1v0iF763oSOz,Crossroads,296,63,kx5TWKPE5sU,6FVK3km0FtSdGF4ZdWkrVH,2,1
6mSThPrnX93XDEKiM8vAlb,ONE&ONLY,465,60,WM8bTdBs-cw,4RYmZ3shUlylRyXu3YS7PX,1,1
7iooxPmnLY6wZynSplHUah,O (Feat. LEE HI),213,59,9yi8v7smWKI,2UF3SkoMBUZZf5n6sCBUft,4,1
5IahLTZCuGKj1Iz2Q0Zwuv,Cassette,235,59,9SawmpMTDHc,3jTAMtXz4VlRW6ZT00oaUj,1,1
4pvP5Pxkp9uY6MJOyNQfQl,Refresh (feat. Kang Minkyung),215,56,rvfli6eyQsU,5NBUq1NAh87uRsSqTxg2LX,1,1
06DB7k5qalMjeVomuXbkWK,Chocolate,177,59,-sKqPjhSiq0,0FYleVYJRr4O5tELl0y7pj,1,1
0yFq4GHDqLfeceyAs63B3W,Kick It,239,67,2OvyA2__Eas,5YHFKsjb0e5q8Smb2CBUl7,2,1
2XIaetAZTyR7oQfHh8DZ2B,SOLO,177,67,b73BI9eUkjM,68GNh1ZjfSewE8uBCH3UnR,1,1
0yB4jrSwN0bFtFRDR5vyMj,Love Shot,210,72,pSudEWBAYRE,3r5m8utqRZYJnpep7xxVyq,1,1
6G7DuXoSGeAf6BZivJdEjF,달라달라 DALLA DALLA,227,57,pNfTK39k55U,2gHd5bCrj42s8nwwXBALd4,1,1
7Bd6h5KwA4ASCXCSoWIS3i,I Wanna Be,194,54,_E5JtAcc3cY,2QDzBw32zlyvFtfeRCoSFH,1,1
4xjVP2Vogo0C72o6Nevq0W,RBB (Really Bad Boy),195,61,IWJUPY-2EIM,7rNIvLwIpB2mwOzk20iqIl,1,1
7b8YOVV5quZcSKEijDgyWB,DDU-DU DDU-DU,216,68,IHNzOHi8sJs,1HwIUaaEuRsxsIyssqtGLH,1,1
4EjUFjzi4ErWjklOA3Aslu,Tempo,242,65,iwd8N6K-sLk,0aMI0Kctp6xwSnRFakNF3D,1,1
5GKwq4sO5ZHKuWaDmdwMQc,Bad Boy,221,72,J_CFBjAyPWE,0OkJThJls8FO1lutMzMDJ0,1,1
42tFTth2jcF7iSo0RBjfJF,피카부 Peek-A-Boo,230,69,6uJf2IT2Zh8,0rvrbZvaDX5S9ZBhwOwFfH,1,1
4D5Ode2OfZMxIwQyvmhUe8,Lil’ Touch,211,61,SdzLl-XpJt0,6369mPjmE105oD1ECF7WiA,1,1
4as4XEOR03oGm1STUKl6pa,BBIBBI,209,72,nM0xDI5R50E,4ghBzVOTFoeKPPmyNKjVtI,1,1
5EzitieoPnjyKHAq0gfRMa,Ko Ko Bop,196,69,IdssuxDdqKk,53pJcIJBdlm5rhVhjSnvHn,2,1
5MwfxCtqMFGYp9Nc1BkTrS,Wow Thing,204,59,KR5CtMLuiqQ,3xEPyp7h78uULpDPuKvokH,1,1
7puC9LjNg0ItpjTz28yeaY,Russian Roulette,212,60,QslJYDX3o8s,4W6K0DP1YlZ48JlvdKCkZh,5,1
64iDjAuWDogVhuoWhKklF9,Dumb Dumb,203,63,XGdbaEDVWp0,6YL9J0E6PGtYzkhyMxnmXd,1,1
2ujA6F1cpk3m8lsPE5aKua,전야 前夜 The Eve,175,67,b6ycw7p9-bE,53pJcIJBdlm5rhVhjSnvHn,1,1
1EYSS9Lp7a9f20C3FaOVgI,Baby Don’t Stop,189,66,k0DqRstCgj4,3KAJvo62RNQEtXwIyB5rzX,3,1
4kmp56RAtXEzHOANS0BaLX,花요일 Blooming Day,208,59,Ib674A1yMtg,14zRuZjpOkB4IrUkFsrN31,2,1
405SQUJdQut02dxtuQ0CZ3,Lion Heart,337,60,nVCubhQ454c,4eKdn0skJCidO2wqIJyCgB,1,1
3y7ByLZ05tluscOTRgEJ9Y,Palette (Feat. G-DRAGON),219,68,d9IxdwEFk1c,5V8n6fqyAPxvFTibPhQVcp,2,1
2YkjXEab4USTV9uuAgC90E,4 Walls,214,57,4j7Umwfx60Q,6yJdchE7ARS996BxRgplFH,1,1
4Lgd631IfDKMLPu6t7L0Tj,SELFISH,220,54,QG8bUKBT9FI,0HtGtnnnFeWmtvgNFg0dr1,2,1
20bWnhRylVPnTpfsuIzorG,Hey Mama!,205,56,AOzVyVv1HtQ,7qXTHawuBsARg5NdkZM5cU,2,1
0eilxZjVwGfcgzzDEbcFJP,We Young,186,56,3EgY4Arwv9E,5YJFl4cNetPk0Tn4tqPRHk,1,1
6oDX7N6VnXSyLdyGsDP5jV,Something New,234,49,im1UUY8dQIk,0xYQcPVyEEegJlTXLttWUx,1,1
5sbw4ElXcAwiQmMP6EEQlT,Forever Yours,226,42,BJUjR2N0aEM,60ySfrb8zjJooMlVbpWGHG,4,1
5w4Zj0DHPKTJ8K8VL9yUjv,Ka-CHING!,162,50,XNwYapPXNkw,4rMH4zG5fuxIjOQxdLWBUs,2,1
3NxuezMdSLgt4OwHzBoUhL,Way Back Home,200,69,eNt78mQJavY,1NgwpxtZFd1x4DbC74V9bO,1,1
4eiPbjcTEJDQcsv7WV0vfD,Why,248,57,WkdtmT8A2iY,1ukBQWhQwWKqTGgs0YzRzU,1,1
6u2lCxHSfDki4rhl9pkI0C,Horololo,208,48,5sIaUu2igUY,2NbpxzWVFJfUuNXbIVeWhd,3,1
6CdUgvL597jWmW4w8P5kHs,Fine,249,64,NHXUM-6a3dU,6DlCl3hBP1Gwhn0tgitGfN,1,1
2Y30bIpXCtfKr1lQJXPtao,Teach You,193,41,16QbCoxLNkI,4kYQNWH5GVugfhMGGjosMS,1,1
1Lwlf3fK9dMPZtr8G4Ck0Q,Don't Say No,198,46,PBYnq_G866U,0lrffiGGEis1nMOAdLgVya,1,1
2djh15mRHejqATZ8QaN4vZ,Wonderland,234,41,Q4kTwN_w4jk,7GivySR0byxlr6ZkvgFNkI,1,1
1FNZOGu1D1Sxs3Sc8OcRWN,Ooh La La La,198,39,7XVPxbZ_C9Q,2eVmKC7YaC0WmA0NRACVFD,6,1
1HYzRuWjmS9LXCkdVHi25K,Stay With Me,193,49,pcKR0LPwoYs,6Pr1DaOWfT6hEewhZMRyqg,1,1
7zosXagdBaf6YKxQzqYkIB,Fermata,237,43,02cBHB2HT8M,6369mPjmE105oD1ECF7WiA,2,1
1pz24zu5H9A0S1a2NKT4F0,SoulMate (feat. IU),222,63,Vl1kO9hObpA,0aDnkPxX660ezxCWBcqzVo,1,1
7vg6BjvS17IsNmDEs9WhGz,All Mine,221,47,Z0S3knWIdrY,6uPH0cDsZGh7At3txWpGRK,1,1
59FBFyeST1vqN8G41YgFS6,SHAKE IT,213,54,x9-TIy7WPQI,7wxGBt2oAGDjZ9CgPhQU8C,1,1
1CkTEh21SLHbiAj2qy8wc1,Ma Boy,208,52,X6XXia5B2Wg,76EJZHFfzKIOrf97HE4at7,1,1
4ZU4jeteTyVZOPDVwNy0WS,Imagine,203,33,z21KwCn-qKU,60ySfrb8zjJooMlVbpWGHG,5,1
36r4cTfmjVo5JYqNBIcjk6,Roly-Poly,753,53,afwK0Mv0IsY,6dCsrXRW9GqW1N1Vwk2dMC,1,1
1GThn1G6EoM3ZQbcsAlBTE,I Need a Girl,218,51,BuuiBjL09KY,4dIF6Vltkz4sOt0nOVQtDL,9,1
3M0qHiwpoXUMffAS1CBB6M,Wedding Dress,285,58,qIt6KCwlFPw,25XmplcV2fAid5BbBhKmx5,10,1
0g1AmSKokPboFrxmG1dxKx,Some (feat.Geeks Lil Boi),275,58,Y-FhDScM_2w,2r1oAmMSnUasXigJ2fTwk6,1,1
7JD3gqq0DA5l9xUmVCpJWu,New Face,202,58,OwJPPaEyqhI,4H3SDn1J7LHuYTQFgNdYtn,2,1
5HiSc2ZCGn8L3cH3qSwzBT,러시안 룰렛 Russian Roulette,212,61,QslJYDX3o8s,6MNlcai3skKLKv5syzFwC3,1,1
4hRA2rCPaCOpoEIq5qXaBz,Inferiority Complex (feat. Eunha),217,45,AL2E1JDw2cA,0WkXveHN5p6Md6ouIFJzBS,1,1
7nKQ5WAcjnG48knyLuo8gO,빨간 맛 Red Flavor,206,68,WyiIGEHQP8o,6OXg149IkmbgW7zfzbwgS2,1,1
53YZi9zgTnF0Py0K6ejyWz,Power,306,61,sGRv8ZBLuW0,5yUlewRtRySsb77hEoTTIu,1,1
49HmLcTG7tsqz32TF3rnCC,YOUNG,251,54,RduG3VkgnrU,5XN0VfKWEWpxhjcks8MGLe,1,1
1Zyd6zQnC6XIIzmg3hP7Ot,As If It's Your Last,217,75,Amq-qlqbjYA,6IzQb2kLydYNfzmKXvmndX,1,1
5NSPsOGVNWYOMeeyZPF7HY,중독 Overdose,261,62,TI0DGvqKZTI,3Nyhs0ZYxVmXDVfv4PLsqv,1,1
3JaMGQXJmtbAhvgl0nBPPN,Mr.Mr.,245,58,Z8j_XEn9b_8,1WyHAY8OWdfCFWTF0Ufwjj,1,1
381g0b6QZxC13SzA2HRMIc,Power Up,208,64,aiHSVQy9xN8,5zWa1ZEUBctbKqvwXbFawo,1,1
1UwERmn5UogyCz6qo21BmA,All Night,232,51,f4w8IbQTJpY,5MQM8Jw1FvT21Dny8cOXjF,2,1
3kQX7VBJDL0ffqcCn7YDQ1,Ice Cream Cake,207,52,glXgSSOKlls,0dNpcBqJ6MuQMuXJgao1B8,1,1
6Rx0ORYPP3GH9rTvGS5Vy8,CALL ME BABY,237,66,yWfsla_Uh80,0PepQsL30ADZO7gc4Tz7Af,1,1
1Bjy9ZtwMle3uhVgoBgiGN,Holiday,204,54,YwN-CN9EjTg,5MQM8Jw1FvT21Dny8cOXjF,3,1
26vOBLHS116a4WNUVlvAUW,We Go Up,186,66,LV1Es22E0RI,0pIWpPef8UFx8iQ5KSZsYj,1,1
53LEFZFqPLoN0tWwaTk17C,The One,161,45,6T8Iy2lktgo,7qXTHawuBsARg5NdkZM5cU,1,1
5hHlmrSV6d9LFMsDA1lamE,소방차 Fire Truck,198,61,_psXn_VJ_AE,7xmqXxPAmkgn5HK9FcyBxR,1,1
23dl021k6ZO3afFgS6TLr7,Thunder,192,49,OwdUhZjgpKs,3Nyhs0ZYxVmXDVfv4PLsqv,3,1
1IgRQvTqj7BKjNWRzjFEE0,I Got Love,194,40,MHqy1JsVvIE,6DlCl3hBP1Gwhn0tgitGfN,4,1
5SucfiC9DNK9l4PUY6tqqe,SOME (You'll Be Mine),236,39,cOsISALvFHM,0j2ZsfCmzIlrJidc86E79R,1,1
4fAvxYyU2u4fAJ0dmUsKfw,DADDY,246,61,FrG4TEcSuRg,4pD6HTAwDdtTIo2niVa9pe,4,1
0uak6K95JcYexDgqHmh5cc,PARTY,218,53,HQzu7NYlZNQ,4eKdn0skJCidO2wqIJyCgB,3,1
6ukWoX4AHV76JdYVdKRPk8,Lotto,202,64,tbe3pe2BtwA,4e75ohAqqgV3zgLn8qMxki,1,1
6F07dfBaUEcylJdL3gky7y,Lucky One,240,57,73QzQYN8FtE,5Cckx6G2aRR4aZBV6eIYdc,1,1
6XP9L7di5JnOc9WaeAW8oe,행복 (Happiness),229,58,JFgv8bKfxEs,6MMkaYzyM0aLZmDBce3nL6,1,1
0FleCid5zJl78Gc4NSpg3s,You Think,198,50,hJYGddE0vHc,4eKdn0skJCidO2wqIJyCgB,2,1
1OCheuNSzM6kBF1d6yWaeh,Playdate,215,41,4PMwqNX58s0,14zRuZjpOkB4IrUkFsrN31,6,1
4oshAVovZxjAWT8TRhRdNC,Rhythm After Summer,208,38,6NSMitq7OdA,7qXTHawuBsARg5NdkZM5cU,3,1
0XMORQgKnVYNvqYZNfBqAA,Monday Blues,202,39,Vh2S4qUB21A,14zRuZjpOkB4IrUkFsrN31,1,1
78HD9IN4cKE1MMHWeVJPWh,Bad Boy - (English Version) [Bonus Track],209,62,1_0LRhtdUBo,5zWa1ZEUBctbKqvwXbFawo,7,1
7sEwz6PjhQ1bbSSWb6IBid,Zoo,205,50,rNWhTDvsa_M,6OXg149IkmbgW7zfzbwgS2,3,1
2zSwsJyjrP0G8wUm0eiSuw,딱 좋아(Just right),242,38,vrdk3IGcau8,1Rm8iq43biy7UQRfde5hwN,1,1
5SQOKggEVdhJGqD1ExFDCi,X,204,32,epsHd3LIMCg,6yJdchE7ARS996BxRgplFH,4,1
7qXYpfS8eNxAtstCKbSpkL,OMG (Oh My God),207,1,V-yT_c8ZL2Y,0LEskgBUvMn0lLiYz4z2OJ,3,1
5ofdbHMgqZGW4KDaLqjSmT,Boomerang - Live,181,34,FixdeRXSLY8,1KlVN7ALuzPWNtVv9hOZPf,12,1
69xdFGM7SJkbDf77s0gJEl,Rookie,232,58,J0h8-OTC38I,5Bg49LEfyoZzKpQsEwRCtI,1,1
2XtWS6tnabJHYLhfsNfI0p,Twinkle,262,38,JmM04_OgajU,5G5cWkK9zsEX91L1ZuAYaV,1,1
0M98PvIvx7vZ8LDpzMw1hB,Kill This Love,194,69,2S24-y0Ij3Y,2Pz8VAMiGc9UW1rrbBRDuO,1,1
7ibZWzytUh41z5ycK2I5N8,Don't Know What To Do,209,67,bqzDuRz_P7g,2Pz8VAMiGc9UW1rrbBRDuO,2,1
7jr3iPu4O4bTCVwLMbdU2i,Kiss and Make Up,190,77,AX3Bsiq-13k,0obMz8EHnr3dg6NCUK4xWp,20,1
3sgrwjWNJy753U30irIdEN,WHISTLE,231,54,dISNgvVpWlo,4cpZazoKuj3jD6x2GrSX2w,2,1
5NVepWpDaeBanGNJonzdVh,Honey,250,59,l3n6DiaELcc,16I8QzqlfQFUJmjvkMRATp,1,1
5yGTiC0ypN09P4Nl6tE3FY,Sunny Side Up!,204,53,lNAhwAv_0JY,2nLEiP268mSFZHW5dajM4R,2,1
5K8cgjL8hGTXpi5Z6uJFwe,Parade,194,41,ZpG3WJLajo8,2nLEiP268mSFZHW5dajM4R,5,1
7x5shgmSrMeIfeGIVzspPK,Milkshake,218,45,PDy_i0UvAOI,2nLEiP268mSFZHW5dajM4R,3,1
6u78votmpGuKAE4BOeJtRC,Bing Bing,205,41,EgpnDZT27xU,2nLEiP268mSFZHW5dajM4R,4,1
7AetvQATDEQxoFDsH2gRnr,LP,205,45,V_-hopU-I4M,2nLEiP268mSFZHW5dajM4R,6,1
7zFBtYAVURF3bUVqEQ6UUu,ICY,200,72,zndvqTc4P9I,2y2Nuvvw5xNDYOunTSsgf1,1,1
7Afts5sVYt9oeQZNjrIojK,Dancing Queen,264,39,EXZxc8GSXnI,3G2gVSrk2U0FKcVAM9rVFq,1,1
0QIRm9sUkGnezGznkWCqCo,BANG BANG BANG,230,67,2ips2mM7Zqw,1q8h2HdED1cmgJVo8lEBME,7,1
3yHQKddM8SVCRnuPSo3HPN,BOOMBAYAH,244,74,bwmSjveL3Lc,0AcFaK32ui9rF2ySEdXrv4,2,1
6lM6yIDZ7kxFsgQCCfaLE2,Monster,226,0,KSH-FVVtTf0,5dB931yywXZg4VdZYeFRaD,2,1
7e7VjLxO5xJINHvnRytrqi,PLAYING WITH FIRE,209,72,9pdj4iJD08s,2s27rRgZswwbRJUQXSGTLf,1,1
7HWmJ1wBecOAMNGjC6SmKE,WHISTLE,231,71,dISNgvVpWlo,0AcFaK32ui9rF2ySEdXrv4,1,1
0jFHMDRXxKaREor3hBEEST,Gashina,251,69,ur0hCdne2-s,3TSX6AxLdCP4E5o3F5jCdN,1,1
63obpKLYuY1q2QP7Cbf29a,Lotto,202,0,tbe3pe2BtwA,73vdukUbH317FjvsE6kflf,1,1
3NkkcnnKrNHv4AiGaPdD76,Energetic,228,62,EVaV7AwqBWg,0fxMTiQG9ym37gYmIXgqG8,8,1
2JTjDYA0vfx8sp5XMTbeqU,Hobgoblin,217,0,u9OxRFab6o4,33jMaPi4Y6XdilvV8A5356,2,1
6BKOhvRPY54uvfqWwg7MKi,Up & Down,262,62,F2bk_9T482g,54r8xseUAz0c9ORidjAKmZ,6,1
6oE1dVmtTagzTRlxDXhX8t,BLING BLING,225,48,GUFw8wTzF_I,5EcRMB1ttU83pooNxfjpt8,1,1
5jNuiCt5KUR808pHv7JRnN,Hate,222,0,D_F9HUTYnl0,1lo9SvHxKiqGGL6PaDbtiA,1,1
63SRW26EEF9RF6GgeUgJqx,SHINE FOREVER,211,52,iewWMqeMpqU,3rrZlvTQ6Bxvz7Kzxjkagj,1,1
3nXUfNbkv8ikaSdHwEp0oY,DDD,207,59,axVvZrDz60k,2ejJVhXC1pgVgROMsetsUL,1,1
5C2d3tz8WACjmw7T6TthQ2,Lip & Hip,,61,user/LipSyncBattle,01Dv8rPO2AvHogy6uDkb1t,1,1
1dxMG5Rk8lE9kjMI6okEzb,Never Ever,211,0,IZ1t7CwfvEc,2VdqTMsSmBL1rYnnNNHJ53,1,1
0fAFOeAxAL5K8rZlLUMXQH,BOOMERANG,239,57,pmMjkMtpnTc,7ouvefHVfZlmsmynARuCoe,3,1
1BSncOsSJPQkpl29QM0ipj,DRAMARAMA,241,60,r1afdZk0qcI,4NJpBKY4XJbRLAsbbeIzyJ,1,1
0slrpwbibfQNxpjqmgtkUh,My Flower,207,41,uexk7jWXYmU,2TJIp7OCkFybJU05jzZ3cr,3,1
3utoyXrzB3d8ahf4tqazTs,Beautiful,210,55,f5Zedh_5DDM,2QCHpaj2zkIhrghESZwPui,2,1
43Y6XibvJzLJj3GyVQaEFJ,ISLAND,217,52,kRj4toENrnA,3s5LEazLAxgYZSFdG98rHw,2,1
0cCm1PbOd6nqAPDdA3PRfs,Black Suit,201,58,MvqB6JsRbsc,1F7DAPXJpLVKfyZFSFsrCw,1,1
5JwuXvMV8f7ftQczIPCzmm,Look,213,31,sS0LCjOiIhc,2k15VazqnRuva8vbh1iZWA,2,1
6D7PMEnCmHMC5WJb2HOGc3,Teenager,213,26,MPhAEcLaiNs,3VofrXVCFsACXqdwzTVsNy,2,1
6NyPIDsbl4hEm9tFKcKzsU,You Are,211,29,ktc8XDBq93k,3VofrXVCFsACXqdwzTVsNy,3,1
0ygy8bNjL9pk58nHibd3Bz,Never Ever,211,32,IZ1t7CwfvEc,5r30o1iIr8sdoRsu6qPKrK,1,1
7Cd4glTUgV0vr0DBncEg8S,하드캐리 Hard Carry,201,32,O57jr1oZDIw,5ek64tPWwHgN6zWuAWTkS2,2,1
45uJULGOd9HoZi2aPySiwn,District 9,230,3,u6unJQownW4,1gVzcQetApqdnM4ijjJV7C,2,1
7vs4RrAcoc1VzY0dKUsKF0,WHERE YOU AT,198,24,5e8-4mBiCSI,1z5UzGzwfGETt8PPdsAYD0,2,1
7uzib3dSSwgUwcD3z0k3bR,FXXK IT,244,64,iIPH8LFYFRk,1q8h2HdED1cmgJVo8lEBME,1,1
1cgBWgoL6520lR2QZDzdGN,MOVE,234,65,rcEyUNeZqmY,2Ka8QpE2XUUjL4vOQihkJH,1,1
2VVqxQhALecXvaArlZSVXr,Lo Siento,272,60,ZbB4SYJNuTo,5uxH9so2Yrmi6nLClUZJkv,1,1
4g73tmQQc6pSfe4NMXKrZD,BLACK DRESS,194,59,hF6Wds75rjg,3I3c4rkP6v5LtjMrgbD6d0,1,1
2ezKXygNO30pXyDQXkm6oD,LATATA,222,67,9mQk7Evt6Vs,1GtPnOiHxCnoZPCiLcKj22,1,1
3VC1IEz9M1txlMSx3h3tPM,Hola Hola,212,57,USx4WyrkfU4,5eJ58cjTjSRGxOPtVeke2Z,4,1
5kFakScPV7ZWXStUSvQmxA,BABE,204,57,b9xndFqGJ4k,1CIrwYW5dQ8APIX7IaAOAU,2,1
7nkp1uuSbKkoxMvEs8cSw0,Shine,203,68,Nu2yQ1zYDYU,1ZRmLzZWvOkSqWePzFeekO,2,1
4MSiPP89oZupNNq2CvjEeR,You In Me,210,52,tz23WFb8HM0,04tgWsx713U27GklzkjEOz,5,1
6qAzAmPBUpGrk7XADZHR5k,LOVE SCENARIO,212,73,vecSVX1QYbQ,1VSMwSajwLiywZBuB8gvP8,1,1
5gA9Xn8oPts2aewPgxVkPD,Heroine,216,61,F4qfN5UeFvQ,4lWDPUQmrZPyO9T9pWfZc2,1,1
4b1sQpvL7QVgamRZ74F1oA,Don't Recall,210,58,41Dp7Q-SM1Y,4wTkdR3v9qFdRuCf2hpBZn,1,1
6DIW7GJbuGZdHolRcPWprP,Roller Coaster,219,0,900X9fDFLc4,04TsF8IFb70DdBYDT8egvw,2,1
3L6OalQDbdCS0Tg1kFccYn,Why Don’t You Know (feat. Nucksal),208,0,EHgeGRU3wDI,7KM1Yi5xYv3O6OcKsEeV83,2,1
3dTFof43vcpQKx6Z3iTsOj,데리러 가 Good Evening,229,49,7dGwk5-QMpc,5XwIkFj2HovD5gR8FNlVhG,2,1
04LMZmQh5Le3F7OwLwHDEM,Bingle Bangle,271,53,ntWSnDV0MYs,3dCzh2hx0xzXFBUmzQQeoJ,1,1
1EDYaBb4axYaE3wIKvcSfw,Crazy Sexy Cool,300,57,xeUx0AN2kCA,0ATs7XoyXolPxK5vADyZlH,2,1
1ZgfAxHQCXLt8o1VXEHHAt,Oh NaNa (Hidden. HUR YOUNG JI),213,57,1Kjv-SFh-Uc,2HpryOOYLbnST4aCT5v4lF,1,1
46E1ic6n099e76t5J1TbHn,View,199,61,UF53cptEE5k,47zSQLQWjPLmiEbCpOOEJa,3,1
2lRTj9f2mXMmtlLw2YjSYI,The Chance of Love,214,36,3wnHiK5sKgA,3n3HTIorktWHS2mOo2G8jp,2,1
02UNF1uo5f0UNgc1qx5XGt,REALLY REALLY,221,63,4tBnF46ybZk,5hmezEZaQ7D0ntBA9J76kb,1,1
3t1HegTbjLFXUaNAElhR7T,Hot Pink,201,51,8NaeaLW8CLY,7uKdSwxVfNUKLgxy7wjAB6,1,1
2naEVOadudtXHwtZNfjMDM,Forever Young,240,64,89kTb73csYg,1HwIUaaEuRsxsIyssqtGLH,2,1
3AyLh4R4D3fQfyqCsTdFf3,See U Later,196,58,1-DJHEhxbiI,1HwIUaaEuRsxsIyssqtGLH,4,1
2r5oD7twaQTsv5KoRS6v16,Really,195,60,v_6uVOPvQ58,1HwIUaaEuRsxsIyssqtGLH,3,1
0JQPxSYL6alc9UvsPvBoFA,Light,231,50,J1L3nDC4mEk,2uq6ULcN34XW2N5cEIaXug,1,1
5MaDeMdqsPsZTxNWdEZPVH,Starry Night,262,66,0FB2EoKTK_Q,4G9qMxS9c4W5PPNdPrTaLn,3,1
6sOBI67H8F3S1cNS6CM5p7,Get It,209,58,-z3iyydFevQ,7GA4JytyS3i6LL2NARWSqf,1,1
3u34tP62fx4FI4IbqmgiGe,Chain,226,54,28XC2KRE-DE,63sTGIOG5yT6YpVwKMl21I,2,1
21jActlsyXzkKDkN3LK6G7,달리,204,61,AoZFLCy-P-8,6CpcO4lSnGzivL5D1OB2RK,1,1
1E8nyp18bEsa3Nth2qRykg,Giddy Up,231,50,DNH7X46gMjQ,4HnxhuDasxI3pCyz8o61Lg,2,1
2jg9vxcPjccTj4lIrZDVe3,La La La,180,43,bYeTzlDQdvU,6sky0eX7g7zrikM2zPqf7h,2,1
3F1mueW8iouZUgjmawhVhe,GOOD BOY,251,0,1ZRb1we80kM,3z9PnyT3r4hdtZKLG5lC4J,1,1
0JLwnHfY34IEBmQW6Vjtlu,SEOUL NIGHT,195,34,qbl-vSVcI0o,1wHKdWLlIXiuJ94Wrzgeun,2,1
42rziXmwGA04hNSMi2MliA,EVERYDAY,215,57,d1D1SJ-KqaQ,4Mzs97iNgQoPe5ET0Xr4BL,1,1
4Is1b37KJY9XVCgzp81FBW,BAAM,213,64,txWmd7QKFe8,75dkh8s39e7txjNe9cODH3,1,1
5Z4aqpT39KpY8gbHoJWdou,Egotistic,215,68,pHtxTSiPh5I,6GhELYbXRo1LOqRPOCsQrF,2,1
7cClboiuRMxtqsoW0jRBy8,Down,214,0,ptCYIPQHoGA,7bwAvMnVmBRaSEjgGSMMNr,1,1
7Lq1Z8VIW7oE7m34kksHYp,RETRO FUTURE,210,52,oT8eXpXymmA,2NHBgZwncUhQbmcRmYKm8z,2,1
5G8YqJQ6oyPkxBSjpkCVRy,365 FRESH,297,54,8gPQenyj1nI,1KOHi75V9o0hXse1GButDO,2,1
5WitNasXEIRptoLIQUcXMx,Decalcomanie,217,39,o0I8YjeWfQU,3Q34hV5fBbMpRpADmlptr7,2,1
3yL1v1JtX8k8zLOUoqGvq9,Yes I am,221,34,Ue9NG1hAr78,4avDtRZBVVwV5l7k6vx1gm,1,1
4x5l1gjNcoBhhWBPEMo7OQ,Love U,194,55,2SOnndZJ8y8,0eATYdmnbZkslIYNCyTjhL,2,1
1uszVo0bVPALn32ix2kJ9e,Shoot Me,180,0,g2X2LdJAIpU,245qemWu13EbtqiNGJD9YM,2,1
481yYUbtfs67PaKYKxJOeF,SEE SEA,219,54,PDAqx45Duqw,2BOKToUfHlLRoVEcRxbQsr,1,1
26EM9sZnQkLLQxixGd88KE,I Am The Best,215,64,j7_lSP8Vc3o,7zjLDZzHo2XgvYwpuNwEvK,1,1
0rZtdLa27w0q2GJkLBX5SA,GOTTA BE YOU,240,51,zdKTgwffmdo,6Eqd0eQ19NHqkjI17ISfnu,3,1
2PsuktMveOXllYMbAy5dEj,Hello Bitches,215,62,8o4Zj98FeX4,0CHOb7kkjkNRCpijTjPEiy,1,1
3OLkecLbqxFwIyjTWQXtvt,So Hot,162,0,skIfzl96Gc0,3IAHMEj6yLgNBdXbZK4Ng1,1,1
4yJ6CHGtEjUnMsZ4IMqReH,Noir 누아르,243,59,CNeNwplE_aw,0VZLN6MkAcyg5ZLeL7OQed,1,1
3sygLAUhHsJsQ0cBk6fxRd,No,184,59,ZvhpjERxJlQ,6xSUUpa9LBZYwJFMJOr8M6,1,1
7gr57cYekMWriyJYbT7oZ4,HANN (Alone),225,65,OKNXn2qCEws,4VLR1cDqRIeS86GYSJvlmZ,1,1
2EK48RuuE8HHMDzD2rEDqL,Siren,224,2,TNWMZIf7eSg,7KU9xZLinCIIHBDmeQbeDp,2,1
2bAAj29XGc4h1G4oEGYCmg,MORE & MORE,241,64,mH0_XpSHkZo,1bUx6TFAyzCdZY9ugEXxRh,1,1
4Cuh5uqjIgUw4GRxqABUxh,AYAYAYA,232,60,4gZX_9fm3Hs,4yAAAWwN4WaxefmncjDsMw,4,1
24nK8tW7Pt3Inh2utttuoG,HIP,211,75,KhTeiaCezwM,7CucpzwxAZ6kHmctI9eo4X,4,1
42zMiF3EFBg5CsYbgKdhj1,As You Wish,214,56,2Q9G6R2hKIQ,5QsZIQcV5BOX9Tzj3IPVyo,1,1
4TArUx34wOehwpnbXlKBQY,LION,218,66,6oanIo_2Z4Q,1x2QsojG3m0e0jkLzP1rGr,5,1
2iYnEfKsAsE86Yb9mS4b3E,In & Out,963,62,ZBFG9UOrqQ4,3rVtm00UfbuzWOewdm4iYM,2,1
0u7aRGM7YmvtsmG5NSrNsO,Feel Special,221,48,3ymwOvzhwHs,4EG4E0Uk0HpJBgOMgXI26z,1,1
5qSoW3ewNlhRN3FNZPmVns,Umpah Umpah,226,58,vHS9E6JFja8,3DXz6ItR9DzIw9S0h3Cxfc,1,1
5uHl2eYaITSX6xEX8bmaXy,Adios,205,71,4gX_p1VkgA4,7tMpbKXDLlHPSCoPdF2OBv,2,1
0QQe9wGk7aZFa5gOAwAJ0w,BUNGEE (Fall in Love),185,51,QTD_yleCK9Y,6Bqnwz3nM8RcHNTSKQ0DYU,1,1
2gLAfzOB7angHctZ0IQAtu,Tiki-Taka(99%),212,52,bgrOljOXdCQ,07YKMxo9FsEqVsIauzIVXC,1,1
5KrvZAR95aP5Otmsiwp9pC,Come See Me,207,57,ixxWWKX4S_8,61mlBNUkU8QKvYOfTiwFR5,1,1
1OBb2wZMXKNmtdyyejLIyL,Uh-Oh,211,67,ycYLPbtxU1Q,3PzrNuMGWGpp8WOfrmpkaU,1,1
3lSM3Wn3RJbzAAHzJ3sX1f,I'm so sick,217,55,F4oHuML9U2A,5xP2GsTFLRJCtAwYYaNKWh,1,1
6H6pp6uVW33kAm6qSBnysf,Love Is The Way,214,43,eGjoPYs2jfQ,3DXz6ItR9DzIw9S0h3Cxfc,3,1
0GUbhhI5fRx7BlqlqlhjuB,Zimzalabim,196,64,YBnGBb1wg98,2nLEiP268mSFZHW5dajM4R,1,1
06Pvy98db25O7wlfFFFIRM,Bon Bon Chocolat,229,69,HvGql8HwOIM,34jrFDbWiepwHN4L1pZmCr,2,1
60zxdAqWtdDu0vYsbXViA7,FANCY,219,48,kOHB85vDuow,759BaVI4pjAh6l16xqm56V,1,1
0ahbzg4GCq3wJzUM3cjS3N,Violeta,205,66,6eEZ7DJMzuk,2UBE2MgNdsGa9OCSbvwdEQ,2,1
0q6boCcLaWYPIy2vOsksFg,Senorita,225,65,G8APgeFfkAk,479xGDGrqMXN8YLmJMEoTG,1,1
0yKtEkiVN8rPDWbtn6HvDd,Up,238,53,CYx--2ChpzU,2UBE2MgNdsGa9OCSbvwdEQ,6,1
696Y3Jx3k4Rjsw8gm2q4l4,Close To Me - Red Velvet Remix,192,57,bv9Pka9NR-E,7dg5iqyFYqRQH7vtAG9VNf,1,1
6MN6oiT2d7qxYEOwXwgV34,Kick It,193,62,sYUlykDe4as,2Pz8VAMiGc9UW1rrbBRDuO,3,1
1S6zXoXhfalX2ETKo337Md,YES or YES,269,2,mAKsZ26SabQ,38QQgShZFuEAJJw1A6hz3x,1,1
3tZW5YjlbdmRMLN5MxTJQV,Puzzle Moon,228,32,5aNKhuKk7u0,1X525EiWjde90wCfxhS0Jw,1,1
6ioP0snRYjhfWKNMMLKOde,Like It,195,50,BJbDVjkgZTw,6xSUUpa9LBZYwJFMJOr8M6,4,1
5unCIQfJLMtcsiU6MP5zmB,I’m So Hot,206,58,tsN-MkpiZB0,2olU5yGGjXxgOt9GrFEtLo,1,1
5sbooPcNgIE22DwO0VNGUJ,POP/STARS,203,74,UOxkGD8qRB4,0UnBZ8laFgLUq5Ty5vbikQ,1,1
0cZMA3EdKJKrKoGQEeMhFJ,Butterflies,206,51,sEWiFaLPpcU,7rNIvLwIpB2mwOzk20iqIl,2,1
6j0Tx08IyCOE4F1Bdhw6YW,BDZ (Korean Ver.),207,0,ofmvk_O2LIM,38QQgShZFuEAJJw1A6hz3x,7,1
1fRaznZsAB2i63TtmYv2Hc,La Vie en Rose,220,68,WZwr2a_lFWY,7tggzWGzVusg9SEKqbJYpt,3,1
2qwyjoSsSr3M7HTt611Q5O,Wind flower,234,62,q1-_9O-lX6E,59QELOU685J1AMB2paryAx,3,1
7n2HVHWqFsyAOs5HqmE1Dl,I Love You,212,62,SAdmzjsFVQo,0BePiDVdS09GVoBe30WMAd,1,1
0W9HGC75wwxU4YweY045ln,So Good,208,49,OqTm8nOkLC8,7rNIvLwIpB2mwOzk20iqIl,3,1
4fxyRM3Xd0w47grKzxVMth,Crush,254,55,bT2AMc8hI6A,5uxtkLiL0qeW3nTB0wJkzI,1,1
6FoI3qwCRq0el1RYKeVGSx,LOVE BOMB,203,58,-SK6cvkK4c0,1txcaw9svQD60PDIjdqrBY,1,1
1kd5KmgB0NGiokb0YOoaSZ,Dear.,184,31,2fhbmFWdBl4,5uxtkLiL0qeW3nTB0wJkzI,3,1
5XTQXTzEVpYq8wL6DZYgSz,Blue Lemonade,199,50,1rk0HwrMab4,5zWa1ZEUBctbKqvwXbFawo,6,1
5ilOXZ0vqTX69rjRubPivH,Dance The Night Away,249,1,Fm5iP0S1z9w,7Km2KH6vfW9WzG7OeXFZHo,1,1
15d5c0GXb3p77EwHiXuU3s,COLORING,219,39,fSISe67_QsA,1txcaw9svQD60PDIjdqrBY,3,1
7dafpAJczCDB1Pzz7bRSCh,Hit That Drum,196,45,YQpoR91X2Tg,5zWa1ZEUBctbKqvwXbFawo,5,1
7IE8eERSpTC9Jaw3arl99B,Sunny Summer,207,51,9iPLjmz3_U4,65HAyK45TFC2MJSufJwzji,1,1
5m95gCTAiHshTaajznt5fA,What is Love?,224,2,i0p1bmr0EmE,5NObA8Cx4Ri5cATR1DLTjj,1,1
3BPoSr2pO34Aan6alFfVto,BBoom BBoom,211,68,JQGRg8XBnB4,5vt2sEP5J0VNbYXoA7h2k4,1,1
4Eb5cLWxKQUoUQaKUYSRgI,LIKEY,222,55,V2hlQkVJZhE,39K4c7cQcvrfL79OQu3iOJ,1,1
6gxF4ibm6S95UUC6vyIiln,Heart Shaker,193,55,rRzxEiBLQCA,4TOqKpo9ct2Hj21uQ3cnOm,1,1
00Jrzl6fENQd3XEWGDtowy,Ladi Dadi,202,35,lQJRtURaeqg,3dCzh2hx0xzXFBUmzQQeoJ,4,1
1HUEukw6Ay91kts13Kh2qb,Super Duper,185,36,MAANp009L1c,3dCzh2hx0xzXFBUmzQQeoJ,2,1
68yUIRmUq0cZN19DnbgKSX,$$$,214,52,coHm7u7I7zg,1GtPnOiHxCnoZPCiLcKj22,2,1
7b1CIwvhDkPkLX1QTgvzqG,DoDoDo,198,32,aIBe-Hi2dbA,3dCzh2hx0xzXFBUmzQQeoJ,6,1
5vMw4PxrWKxkCszIVq4Jwq,To the sky,220,35,alLVPWtWZDE,0z46X13mUaArCdLEhLtJBz,1,1
5xptVEzEqCXv0oIJmyDYOJ,MAZE,204,52,IUuvc1lvWr4,1GtPnOiHxCnoZPCiLcKj22,3,1
6YkTM8MJIqoXlAfBbEAydl,Butterfly (2018 PyeongChang Winter Olympics Special),228,38,VQ-qkF06B_c,1JV158ApbmEIJFWdoQCRk1,1,1
7LJjWqhqK594nN7qJzLVXE,As If It's Your Last,217,0,Amq-qlqbjYA,3nvfNC0tnGcFXGHrJpqQ6m,1,1
1yXJ8tsOEXXEVWhYKVf191,Secret Garden,259,0,QIN5_tJRiyY,5QXcVUvEyh8kCCjF1aTNwN,1,1
48Nd8rdc0WVG4rHTd76Mh6,봐 Look,190,49,aw031Xnu5BM,0rvrbZvaDX5S9ZBhwOwFfH,2,1
1xwnvVY9gHdo69PuGQkG1U,LOVE WHISPER,257,55,lnXXfYA91Y8,2cGPXPXZxEBr6LniuA3ewf,2,1
5NLvAQfVgE9AYJGI9DNEFh,Iron Boy,199,37,qwnNYs8gfNk,6sky0eX7g7zrikM2zPqf7h,3,1
4agr2R3yG1uZH1NcnETXRA,I Just,193,45,oCvw4ot1-k8,0OkJThJls8FO1lutMzMDJ0,5,1
52KDuuk3cOAGXY3UNvkvOO,Metronome,203,39,-TL0xLivG4Q,6sky0eX7g7zrikM2zPqf7h,4,1
7pQ8shU540C3cEykekbVzd,Bye,480,43,-uO2HPcgYtI,4YkF0cmnD2nmzdpLk1ZUUP,6,1
2xQDQkfWWFxx46y7ug6D6p,Rude Boy,191,42,kjYqlYWrrEI,4G9qMxS9c4W5PPNdPrTaLn,5,1
69Vuy9hYHECfFJY1052YFy,Love Song,238,31,qGk_v6hnXkE,3CDuUgFBJhvsMumlrNyv4R,1,1
0DNTNFa6zMDfjqpQFdcb3q,Sweet Dream,221,42,LrnZpsCcdoU,3PnkmcRY6t79MKlpEy0tQ2,2,1
2boKBpIpFaMHbNpMGRSzkI,One More Time,195,28,OWupmIOkseQ,5njPJB7i8flWOBRdbpXK3D,1,1
7HzvvhTmfzvD1dV4F7MIcm,SHADOW,169,68,lUS74hctjZg,5KsduuDNWzt65TaHzmtciv,5,1
23a4qKSwqUK70S8GnXa0Js,NonStop,205,61,fQWh4jWoFHM,64F7bFLt8ULAfBl2L4Pyv4,2,1
7H1YffYl5eH6y5jqOpVeLT,Say My Name,218,52,-NGoD8l-fp4,50MZo03tOilWNwgPbza7he,1,1
1vH3GM0b9BqBCZ0ACVa7XA,Drama,210,68,WFXohcvQcHA,2fL64wNyyZ4BwwRImYeora,1,1
2V3EEU8CFHq6qZqZp882V8,Come and Get It,180,41,9GEq1Qo3IcA,2xnJLSLOc3LmDWoHTIqA6a,3,1
3mVzC9U8eyAmDNWnPniCIN,NINETEEN,213,60,rQpWdm5zHOU,6XnFMmVnbFEDnFjc6xRw2g,1,1
0FE52ZIyFWOJQt1Hj9zxhM,SOMEBODY LIKE,188,53,tuFpv4rPq1U,5mSkyxRRofx2WkVaij09sW,3,1
7JvdSVJVa2OCaeBPFfgnfW,Lucifer,189,43,_BJ7Cp1_Oy0,6oQMW5MnFG7LoQRp4jmoKa,2,1
3l8JuoE2LHb7hiFo7lKrkh,Quiet Down,189,66,QYcw4W8kr8k,1V5ilz8ghPl1PZJA1hbw3r,2,1
74vGOOJNRS7TbjbPngjD6w,dOra maar,200,47,b33uXlp5G40,5k3bSeorGscezsnxKzISiO,1,1
2QyuXBcV1LJ2rq01KhreMF,ON,355,82,mPVDGOVjRQ0,6mJZTV8lCqnwftYZa94bXS,11,1
4Be93e6twHWrwOyEN5b2P4,SHOWTIME,208,44,x4ZTCEPo0yQ,4PY1YdBuIRARRLkXj2V6xQ,1,1
5VhJDNXTeUsTZDwCxw4Nnc,Paradise,246,45,JDmZ6oguzzM,6Eil448tVxIBiec4ZQg1aS,1,1
3eVaOnvfX0Ufu1rkwbC0WS,Lay Back,207,56,X2RyGcufXKw,3foK58isBZtgFp6MU1vGR1,2,1
0grQK3W2AsUih8AbMWArtO,Take A Hike,181,49,tJNS1W0YmdE,3AqnltBoRYlppgVM1VAGDK,2,1
1UThkKR8w3WnA6lWCRhOJn,DRIP,209,53,K_qrsewuTwo,79I7ijWthvkwe4xOW0zzQh,1,1
1YIAFY8I9zXWCdrQBj2wkF,WELL 우물,231,33,qJ30Qx2CZH8,0UtM0kMz8SWNYK3wdBXN8b,1,1
7Etcft70udZGn6uy3PSPvo,+PARADOX171115+,199,46,r6LNI89Nvo0,3LkYHeJbCoO41fjaLjaccW,1,1
5rqvgt4X1q8M6PYDQm7PCg,STOP,190,53,xd-uC02Qmmc,5tCOElmd7wcBGbt1f8bFYR,1,1
1PNb8pRsZGa8XN1m5nJe70,Dumb,191,54,aS3aWVTy5Ds,6DX33GTGhfTLpQWzmHHgHA,2,1
1WwHt7pr5sOCLTbqp8ppIO,EMPIRE - Korean Version,183,40,lGuPDlo2Ols,2I8zuxlL9KuFAGRsSq9mTT,3,1
7kO7LUUD62gJoL8CqywSiA,FAME,351,37,AHbSzXM1e_s,42teICN2oUYMfS6iJDrEBX,2,1
51LuixIygTrK4lsvjBx7sN,WIND (YOON SOLO),181,40,7T_e0ghSFlI,3oDUvgzEoNkQfC0UCWHIPD,5,1
0KtYC988oRVR2vot9LiyXn,Blah,204,41,6n5HB7ec_CE,366G5N87hlz50kVUV9tcwt,1,1
5UX7u7znDeHnDa3iynEhcm,LIT,246,61,X4VA5eaZjyo,4E1nBUhsXon5tMtyq3l3CB,3,1
06rOypJlNqSmHXT3FymVp6,GET LOUD,198,30,FFcCeTEME8I,4EG4E0Uk0HpJBgOMgXI26z,3,1
6WtBCTeMrTC9oKQ8dgSWcM,Silent Night,212,54,7NO0YX341XU,4Y5YucmQPgaCJOkmRshYGs,4,1
65gzcr0GjgVInjECujSpPm,OOMM (Out of My Mind),202,50,spYi8qkYDCg,2oTioa2D2E29diIrgaQmag,1,1
2WVpI9Og8Z7p8CGQK9CNX3,Workaholic,272,58,mrAIqeULUL0,0UJsvx1tZnZRmcpzaG3wRH,1,1
3aG0gbuvZ1VeVm68d4J6Yq,Devil,183,63,MY4qnUGwWIU,1HpLXN8RRy1lHO3jckCTkN,1,1
2J8Uio0CYRQ8shlUruFIbn,Fantasy 판타지,182,33,lXIqZhxTpBI,5mTLotGZPjowzVr0di7mBT,1,1
1q3C6brbmRrULTyo2mseKF,FLASH,210,62,LlQEKB2H7z4,09sGMSeeP4bZQOCTpgKGX8,2,1
6LDkwYyeJQfr9vIhEsfCHa,FACE,244,62,uvs4nyijMZw,4FcfxoChlLRjM793PzTxen,3,1
1F9FQp9dnnQWTkaK6Nzm1W,Fireflies (THE OFFICIAL SONG OF THE WORLD SCOUT FOUNDATION),202,62,3gpoXiCQ45A,6MYKofPnqIdjfznGSopzCi,1,1
4dOrfL6qgxnjCMSmkekFhB,Gleam,189,59,uIAScvNDQpI,1HWezHtB1jFWZ96uy4cRq9,1,1
5ty8BBWfmoOs0URGOgqgOk,RED-SUN (021),218,33,91fL1yk_WC0,5SFt6m0R0Efmit5VcdIUOk,1,1
2aQuh8h6DArZ9bcPigj5nf,Give me more (feat. De La Ghetto & Play-N-Skillz),242,54,JybSf8m0w-E,6xHcIcLAX9tShQKWICklhj,1,1
5RbrJFF5KbEbITIWa0cZZQ,April Fools (0401),200,51,sfkEbtHcooI,1yGD2zldhHvlLTDNac7Jiy,1,1
7JCi89HGiURxFpr6NITY7q,Snapping,215,69,deV_DmHKwjc,1lNM7RF1SVUs66OtLj4MQh,5,1
39kzUXQdjNAhbHH0rv3GiI,PARALLEL LINES,201,25,9JRozHX83IQ,0kmZII2Hj4XfcBAIDcgbe9,2,1
25RSPj2RfDuo3QGlT6xOE7,I’M ON FIRE,220,39,iR7HsIrFqoU,7aW72lOTi7CPa04mDJDcI3,2,1
7b8ZfUQRsc5ebULhUgCyck,RPM,205,53,thK4s81tEgU,3QljHmM1wr3KJ4fLEWFOHx,1,1
5XDcGqKJ038edsTPs0ySt5,ON N ON,247,38,bVxe8_8RsjQ,3atsIlpYgv5DaSQteaLul0,1,1
4c1WgUnHXq2LEncGHKgj1I,Dream Glow (BTS World Original Soundtrack) - Pt. 1,188,68,HwT9oKqfUxY,7fEUnTEsnJOXEZtUYMKyOE,1,1
7oEm5Q1virEUB9H0XjWZzF,Don’t Need Your Love,216,68,ESVsbCkFvG4,2e3TvxplnFh1HcFUcSe39u,1,1
5el8nXpQRy6V1CTAY98VEJ,What Do You Think,194,28,TyyRWRlNqME,3mCKknvSxoGVEv3cE4iqwy,4,1
3OnnEFB9kauV7O20nOCWpg,Utopia,236,60,wnnjxIs8aCA,4Y8cigF15iNUSV1dhlQqRg,1,1
5DG7DFtTUyTPyg5hTVtTtQ,Twilight,255,56,4Njp-J2s5uw,4SKt8BtRB2nr6YAyH2Iy1n,2,1
7w3mCZJZbfXzNebD5vktMI,ME,207,62,QOdbtSqv12g,3STCVlFXF9KGz3ATBo56a3,1,1
1ej66Z3M6DfmoZeJCSrOxN,youknowbetter 니가 더 잘 알잖아,222,53,DgWI1HlBfl8,3uMVRM9uNZS8T26PhWwRwr,1,1
0dSE54vYYvRNWzVTxE2xTL,Me & You,1026,58,iz78iT-vW6w,6Epnn9sgvvUrHdEf7JKjQb,1,1
26x7ih7lOBFwYpXUHJUoqD,Under Cover,234,57,qODWFe6v3zA,4ylfr2WVQIF57PCHS2vIAY,2,1
25Bpg2ZCHbW86kThUJYI0b,Crush,126,33,9XE6MlU72Pw,2MhXAl50DEk9Wd2rhnyveI,1,1
2RwHcRK2KfIAUGNq4Nlfv5,Picky Picky,220,57,1taLXjVxB4U,1JrQT5pcTgC9HfVe5f2SL6,1,1
4fAUUc8y2ZQcwKLGHidZsa,Dramatic,215,50,Ao9ET61y4Ow,1NqeOZ3BmAoHN3Ml15gPYT,1,1
2Gql46sKPSMlr58XjalUd0,Best Mistake (K),213,32,A2Tq-93CQEM,4y19j2OMKgD8itWpLDVU2l,4,1
31aOEE3lh1VtTbdsyRf32u,FEEDBACK 너의 대답은,215,36,JAMY4M8WWNI,4xRwJoEtfaj5aFuO32OYUD,1,1
1SBOS8XevwKgNTj13YE6he,Hold On Me,197,36,oVh49Q9fz68,12Z2vK39UyWavZ6NpoK5ZH,2,1
7JPzFzJLrzmINVguyqtMay,Runaway,157,63,rczMbtw8sCw,5drRznvTaLxrrdPgPLqHP5,1,1
5jJWV34duiWVCQwGSFo463,HOT,192,25,yW_uoF5Bo7g,759BaVI4pjAh6l16xqm56V,4,1
0xrX9ZarxssZpNBfcnyuPl,Domino,243,40,3Slb4wuUf5g,3PHdxOixnT7FpQiWmCvAhK,1,1
2JpFYEPqR04QNVkKjQMnv9,Memories,183,33,KSf-ay_5o1c,1DivatN2VQcEnKAsQzV8fh,1,1
6KUE0HSSudAp9AOycaF6SH,Make It Right,258,72,eXBu09fwe3I,1AvXa8xFEXtR3hb4bgihIK,4,1
3VHrwffnUZFb7FidvPV3OA,Kill This Love,194,0,2S24-y0Ij3Y,3ToMjZ40PPqL5NV83xOoOM,1,1
3eOrrreH5zbp4xpfiFqy2D,SHA LA LA,201,54,zkKP1vhArYY,6kK0jSVRfNCJ1Ya0mwT6bl,1,1
4WuKHgxdCJsaOBIh7yndty,MIROH,258,69,Dab4EENTW5I,79Bjt5oUy1183RJw1bJyF5,2,1
4m5AhuM3VelbtBYuEsGDh9,WOOWA,239,11,UnXIPDp9xIM,3CBgvajr0lz1fOIGIydiZ3,1,1
4uLmKWOb8hl49MYYAc4bnn,What You Waiting For,182,52,u1xr0L1heHI,2YuKK7Pr7WPADeTUwaXrn1,1,1
6E7jAJN2e3znSHyPCdQqx8,gogobebe,246,70,Cp56JdkmE9s,60m09rutmwj5ewOJoFIAVY,2,1
2v0e1CCZVJJ0g6R0l3JKRG,Pinky Star (RUN),235,32,f5RHf916uDU,6Rfn9L7InYlCY1evqlH18Q,1,1
5jhYykolbcG1T9wZSyvhp5,Butterfly,275,64,XEOCbFJjRw0,2Ij6998NUjQ0BkQ2ipqiET,2,1
6vHyPhg8fgclBiY8QN68wp,PIRI,228,60,Pq_mbTSR-a0,02YL02Pjk6moxi5iuYsIPC,2,1
6qyz1KOlGJsKYJ4ZsRmRSD,TWIT,226,68,ScSn235gQx0,6KL4s0Y6Ijcj0QP1Nm1EVF,1,1
1o8Q0vRXQu0EpXgt8oyHvh,WiFi,223,42,5L8FXg8zbDA,6xyQPa9qMPxRHlcMDgDbay,1,1
4gQoAKDYQbufqj2gygOeGK,Shadow,188,45,ufq44nMptnc,7E01VOJ7gyYPz9HXUVeQeq,3,1
1NNDZxgOZEdVht81Tm3k1E,Cold,197,29,zWbl4XUNNlc,5OUT8J88xSvZepQDVvallD,1,1
66aRjw9DruRf9J40t1Wm9i,Fire up,224,45,MBSpoTozBdg,6LsnwhszwrWSHWQh9f4kv6,1,1
0oNFVyzwK6TFdFHSsD1dmC,Valkyrie,256,60,k6msd9uh8nA,6tSOZb6wWFG8EZdcxXDyli,3,1
4v2BLMhWtVvBnZwuoiKxja,"HALA HALA (Hearts Awakened, Live Alive)",250,64,e6O84iYhtIg,2PQ8cQ8WzAJJkWYT2Ydmhw,1,1
4IcTZ4u56lvregznRG6tH1,Loca,220,48,M4nZjrXc1BQ,1G1OxNg6fQgTjVXqXPJu8u,1,1
4clY5A2sGpM1F68aid5LVN,YA,197,39,vIP4BjfQums,7yrEeELuGGv4UzvBx2sJlj,2,1
4SpQDJz1JiRT2mHxvyqN9K,%%(Eung Eung),237,58,499YUeNoYVE,51rmA7KGsWZP0lbP986qSJ,1,1
1ctCQClnX12FKi8pzFCspK,Get Ready,209,37,G8IxSAXs9rg,55gs8EwAxcyCAXGeJbR6bo,2,1
33PStuI2gJCeZcYQIOHXAU,BUTTERFLY,257,46,56nPjJekXkQ,5DHseF14USVgIZ6AzsX9bi,1,1
1bc8AJGZcWin6rLbCpHXVq,Starry Night,196,0,a9wtk92Ik_Q,6dPTCj1x52RQX4ALieYp5N,1,1
39pKhfHJONQXFPCiduswZA,Say Yes (Feat. Moon Byul of MAMAMOO),209,53,WpLkJD5jKrQ,3KL1ALTLwYaCcxzxNIRrWK,2,1
1B2RpehnyzlUtMbSuCumDe,Mayday,232,58,PMLPefdwM00,2xKp8YTCZl0nHcx8l4u2C2,1,1
7LXW05QcQi9ri7ZBYqGhPJ,Punch,269,69,Iox2gdsberQ,0DPNn9SKfwd7rJiiJFLwee,1,1
1s0omF56w0oAEZiWp1VNS7,GANG - Official Remix,214,48,Mn3qh0XrLcc,1rhDuXNRjXUGUrO29y1nlV,1,1
5DQc3NBa9FQfvtnUyciXsd,Red Moon,207,59,0o45hUReYpA,2yWth82E8BQiDL2JgDmVT9,2,1
1boEZE7JfhFGU8ZhJOmoWF,Tiger Eyes,225,53,aE6curPGQRY,4HHW42BPxobSoqn8P5sUGE,2,1
30iB3Vk6T4gAUfZ0OvmwxY,I'm in Trouble,201,62,4Lm9u-iXrDc,5j8qRyyqFwXkIH7boJ6m9N,2,1
6loyhEAW2QFgQnvorXzsXn,Who Dis?,209,69,mkYwq_CKpyw,38QTDwD7IM2EZuiUMII6uA,1,1
4KL3FJYexPrPuMdPagHPXp,Yours,237,70,N2dsnGc7TFk,01RsFGO7W7xaRM4T2p1Xdn,1,1
4F9qxQqmkFnBjIvrpiQ7jV,Leo (feat. BAEKHYUN),203,66,L8UUYfe6-UA,4wMb27rPOFS7vQSNsnjQC7,1,1
1vfk4cnwq5IuGtkd4weoah,Knock,208,64,Zz7YZtpz2Ek,5mSkyxRRofx2WkVaij09sW,1,1
4lpMmdpOCEc2LJVgTFny46,Fall in Love,212,58,SIWzk7Bt3hk,2GDTaNWlrHYenTpVsCb5ay,1,1
5UDDTTQ5cUrH3FYubQ34Y9,BAZOOKA!,223,58,wMj3sLP_azg,3M9snahHug38BoaY7kDIFu,1,1
6lp2MvqEBSdL3L84GAvl4o,All The Way Up (K),224,60,YMkh07ejXe4,6qJ6mDO8ZgAlmYrdYmfPtj,1,1
6mqvyXHDVXUVwxKkvzEqNj,What About You,194,54,nl61udARWcw,6RET6iXX695XGYQ6GsuujW,1,1
5xGVzr3yVuXoGPWpcpN3NU,GOOD NIGHT,187,49,Rq-kw9z6z7E,4KaJTFX3zihQ3FpVVF7Mrf,3,1
5PiIhJc4D1u4a6AHQU48kh,FAVORITE (feat. BUMKEY),243,45,6qpuA_G9fUY,4yPlp9G1QoQIew44afQ3Tr,1,1
2puaMDKcQsJELzXol71uKF,Refresh,155,56,k7aIhVBX3hw,09recFFwFAnEhEegfd1DAA,1,1
0wk4GYAryLcXEMvfhzU1bv,Let’s Love,235,64,Ygrv55VRRas,0f4L2zNLtQtFk08M1YGoE1,2,1
2VJpcZ7FnA1JAJaBYhY0ui,ASSA,204,55,xDuaONIDgvc,7EwGbejnlFJdnqbXPG0EOx,1,1
2FUmLfw3dxUDf00HxKh4GP,Do Or Die,310,52,pHJtfHu8Amo,3f7o5DhMd9IDpI800O8J4X,2,1
74oybTkLyOrmt4qkS9rqXZ,ANA,237,48,p4xI_r37Vjs,6L92vmGUhenCI5HWSTAQ8m,3,1
4hAM9owvhwZKnctEWvkDhF,Blossom,207,44,aVnxOjeBzew,2TyZWNGjAlKYKyAwC70gIT,1,1
5GOxrv4CMwcxuqZbGQdZGI,EVITA!,217,52,aKl7-v-iCaA,2rwFQMzjIl55c4uTnxuJ6D,2,1
3j69GdUcJVclilEjMJ90NF,Just 그냥,228,44,65yGog0o2D4,1QLnAW661XDUEEaEfErndo,2,1
6MrCkIpadoQLARCgcHwpw7,Bubble Up,229,41,g06BCTQbu_4,4WYZ5JNBfzR9AgWtu2id4N,1,1
1Jv2bJOdIjq2MJbH8WvRA3,Unfamiliar,222,49,N6CB21y9tcE,3pwq7PbAT4vEnApAaXoCuA,1,1
1iAnv4bgyRm7m4nL5hK98a,Magnolia,234,54,VMON43ideUI,40kgv1cXd23PsABJIxXDJ1,1,1
4R7w9EfMu20WHq1ZZ1kSlB,Q,219,56,Ww0O3RhZbXw,6ObXqxOsLFfzQ5mLCeOEM0,1,1
0mVvkepe2sQUa0j8NWukaZ,"Flower (Feat. Jay Park, Woo, GIRIBOY)",275,55,m8Z-YANwihM,2UF3SkoMBUZZf5n6sCBUft,2,1
24hNGqvzweP9OdPrzUYZmK,You're in Love. - Korean Version,197,42,UqeAkDq2Azk,0MuMQ8GnYbemtloZGI2gqM,2,1
7AKAZxuCnOqkNFVsDxVzYn,Everybody Has,249,55,-4sq1sUI7-I,1Tpw7AJHbA2lh32bY1An0C,1,1
5EqxbTYuoxO0Vogf29lLCW,Be Your Star,249,42,cGZ9IU34ixE,7F8dZ0pPGvWHWYZf8a5k2D,1,1
7JxGvCpgu60COzVsmavYv9,With Us,256,58,8i3Goy4SF0o,5hJ1mbfea5r20mjtT6oHON,1,1
6JF07uIg19KDC5cUoMtT1H,Come With The Wind,261,51,tw63M5Putw4,1ofKbRAsx2IWGcOzLN6enx,1,1
7KrThgzyyulBjY9vEbqceh,HOME,224,51,ScMqY4hGyF4,3npgimYVYM64IDAiLytb2l,1,1
2dp0SokB0wxNlLcR0J547q,I Need You,231,52,rVXeArOQIs4,7mK5XiyP5mVI5LExHJTJ9E,1,1
32kEuBJyRSzfs1xmsW1hQD,LADY,185,44,G1ZU8N4dL5E,5obnxbZ0zICJq6qWbxlRNf,1,1
5ANbXf5qR48a4jfFnSq80w,PLAYING WITH FIRE,209,0,9pdj4iJD08s,1Ovk2wzDGAGYVeHdPj8Eoe,1,1
5FLuHcyUiAlq2wCoqVuqUa,View,199,0,UF53cptEE5k,5B47B9Brhcv7ZinHgBe6i9,3,1
72GKVds5vbK5o3XDVeCdDf,Fantastic Baby,240,0,AAbokV76tkU,4cyxOniUn2JLr9AXjSgCw1,6,1
1hrZVbWwU6v4WAjOjv0xGo,Mr.Mr.,245,0,Z8j_XEn9b_8,1w86o0LJYVmBExlyxWp00l,1,1
588FDdsa21w6tE6G1N0aSn,Trouble Maker,260,0,s-zRAQmKUkI,6QtfXV9SqEkbBNvQi41fra,1,1
7KlTFTpy7dXLzr2NtLkvG6,Not Today,291,0,9DwzBICPhdM,64WayBZ9Mrx8iGOpME5vpI,16,1
6fT9eZYgSvhu9v8wzrZkdG,Mr. Chu,206,51,K5H-GvnNz2Y,5BrUPvAXYFeCqLKoTjSw3o,6,1
2oLLOxkJWJj9BbrsTc4Xql,Ice Cream Cake,207,0,glXgSSOKlls,6eS6pnhJWgYL0A74Mp3RPc,1,1
3gA2OJK56lx5z7riHwq3HL,Crazy,193,0,1nCLBTmjJBY,2tCPDH1LAibWXThrOQ58H2,1,1
14CecLwc30NDUMU5wqNVZk,Hot Issue,217,0,nPPKwg5eQ4o,3JWu7fsblndhGML81clPHl,3,1
2OafHc3DmFE49MqNhQMi0z,Something,205,0,zVO5xTAbxm8,3Q6QsqW3WWq6DLphXbXWkL,9,1
5fWKr5p15BTazjflJ6HX5j,Catallena,203,53,Med2XipHJJM,3FeATTUjZWvmXW2kP9CHWY,1,1
37jsbSR1kLHfNWOjwFnTlD,My Copycat,210,43,rqSF_9Zf0n4,668FYH5CjNeET2JpHtiQvq,1,1
4wAjmojVxc6Wbeca9XvnDo,I Like That,240,56,LJVUjmNMF8c,4Yz1WY6PlJepdbnl4m72b8,1,1
5crARIrvoMiMf2AdlD78WN,Touch my body,213,57,9txzvu6eQuw,0SeSM1CAqu7QUkive4jCKl,2,1
1t88m8JUlqn9kf0FLmVta5,Give it to me,254,53,p6XLNsJ9YrA,1nErNFyYvHnuCYvfwrMyoz,2,1
2GbF32jk2VyATjqFmUkpTR,You’re the Best,265,30,QbhmTM1cRro,4x2afg5wUzbfURyzacNACm,2,1
0icGgAiUx5b0amQLycmGUr,Um Oh Ah Yeh,245,31,pFuJAIMQjHk,5Fy5PyBWqMNK7xvXO9Q32f,2,1
5rIsrawNyPv1q8v11iwJsh,Mansae,208,59,9M7k9ZV67c0,18aXrsD7zdPD6NSIfdwExD,2,1
1Rrj7KyS2R6SP9CQMDJW1w,VERY NICE,196,64,J-wFp43XOrA,7mP7AFehQDonPKEQiXvpvB,2,1
6WQgF1cUjobgryiqdPpEQE,CLOSER,231,0,isUudT58Xfk,6Cq6571BzQWPKpxgTQpKM4,1,1
3LvD7wWPrcp8jqPSmaaVAc,The Boys,320,0,6pA_Tou-DPI,3FmDnWkMg1ayeyuan7uY9i,1,1
6QHScqygQdCvGowZCeGsC0,I GOT A BOY,305,0,wq7ftOZBy0E,3qpbuQ6XTxYfGx4fQZpZcA,1,1
3NAZROYk95nrDN7MSysgWI,Bubble Pop!,215,0,bw9CALKOvAI,0c4WXOhRUHEvk7x9nF0lWM,14,1
2H7VKGvew4lHH75q5cGoLu,"Sexy, Free & Single",228,0,gWIkiI_UmeE,5mNCx1ukvVBY8o06qTBcpb,1,1
4GyPhineXFbjP5nxRzLPeI,Crying,210,38,rQPn8f9uls4,0oyJmmV4FmB0xIz8wfybLv,2,1
57fkSDAmCFqJfnXb8Q6r6t,Change,228,0,G6JppjQSTh8,04na66OUzvtyG4oXXsxYLf,1,1
26b32VMw5DcaCZhwMZzjep,Whoo,190,34,URPYRLiGAnY,0fg7lYqzREtvKqU1mzmqUp,2,1
6n1iYH6HIbqf4lvMgwJYqj,MR.TAXI,226,46,Fzr2Nv8NTEE,1xf4URVJ3DRX2uumI916w6,4,1
0B2jtiyGl54S2rSlrEh9Nf,Feel So Good,207,0,CVNGjg92z-g,6E2LdXj2omi7OPrG1z89hH,3,1
0Zb4u1riI2E30ay5pVYAUW,How's This,222,0,y882AFjrSOM,5LM5WSMukrRNwrkXHN1Vpj,2,1
2FQhL0Cwk69VDrsQEzN9Tn,Roll Deep,209,0,ib_1ATfr8wM,1pCouG7uLNQj5XPJq1H4Sj,2,1
0BTAWeXFNhgAYixu5YGtE8,Red,213,0,oTXCgR93zC8,65w4j5GGSTxXgm2ynfixYi,3,1
4NlF11l8kYIMvdifn3TCmI,RUSH,229,29,bSo7gYXp-bA,0rsnG5TJ9jv9XuLgri1E77,2,1
70LZEb53nsMaarHxqaGevI,Bad,217,0,i1oTSAhdzNQ,20PZB0hwwPkTIlWn11dmiy,2,1
16VnJqInZr3uXGIQXEN7jY,Miss Right,228,27,TaGCTbqJKO0,1TtTMVlPNvlpbzL2YnXes3,3,1
1ubCnVgRDR9hxFCRz2bkq2,Sugar Free - S. Tiger Remix,236,39,jqEFdm-e--A,2vyd340VD4NJ8YEIZ02wSK,9,1
3iMZViXYWRXlQ00CTJcO6z,Lovey-Dovey,405,0,CJ0djllyqwY,0qJw61Dedn5xCoOStgWqQP,1,1
2Iv5T2jmhxxNpR67tN1dBY,Roly-Poly,248,0,3Xolk2cFzlo,53XrFP2XTxOR1cqnD0CjWD,1,1
5fDMmlWMmOYiSMsbUxbQbh,Sexy Love,315,0,ShVRP09NCO4,7GkrNZDPHIqYE6tVgf7xMA,1,1
3C8jNNWMJcsQLZZV5R3yTi,Twinkle,262,12,JmM04_OgajU,5FnkDObCdhjEgtkaxoJ7uh,7,1
34qbsFCHlFNQpD4BXKZ7eD,Holler,231,0,uXfxVm3V55I,106vONbQf36JSfQGlyBA4H,1,1
4c1cUu1PFDX1YB6JDvG8vf,L.I.E,265,51,RnDSODY7bVE,2UJZYFwoSUlbMKo73IjQ9R,2,1
4Ux83SOG5vqnbohuijD2Zv,Every night,247,46,SVgkNW2cENQ,0opK7fhDf6UWIVb4AKEeRo,1,1
2Gq8bwrWXzc1gW9g2EnHTh,Excuse Me,254,51,NRlDo3JuzfI,4AltTzzJMv0bER1rj3oUln,1,1
577ckDBuyYNGeqetUhbv7d,Good Luck,241,51,sno_genwMz8,3D4EskjAYfo91G4BN7XcbB,1,1
3teZTZbM2VbtABTlvAa1nv,Heart Attack,307,0,1pBgMBBsv4k,6XpaDo4Sj4aSfbLfqglMfE,1,1
6aU0ZgV3IYn2vW8KBtI0eN,Like a Cat,327,1,qEYOyZVWlzs,1obhg7oR7vgCxtNc3gKpNO,2,1
6Yj8kVuVR3UPxx9r5eFEoV,Miniskirt,222,58,q6f-LLM1H6U,6esB2DBt46m38ZycDPsn8D,2,1
6VJhf9l4ALDquID0bN51QQ,Very Very Very,208,0,GdxvD7r58ng,1AM6J4QIJRL8MEXV03tlc5,1,1
20P63hWk0IbeVeJzJIponI,Gee,235,54,U7mPqycQ0tQ,1xf4URVJ3DRX2uumI916w6,2,1
0ULq4YEtDWHBOJTeoOR2jt,Sting,216,45,54NyyS6_yos,1IKfObkLtxkeFC5yUcQcf8,2,1
5A6rPUyEg5UKB4emxlBcsq,Lonely,211,0,5n4V3lGEyG4,0opIxQvBGJFe3vupyvOICa,3,1
5s6JTZxe3cVhHVRJhKeZSQ,Bad Boy,237,0,1qnV55LUFVM,4cyxOniUn2JLr9AXjSgCw1,4,1
6mH9WDJQyQsqyXORFl0vRT,Only One,241,0,PQjovLrnvVo,4TXy7ZNBxp9seiduNThzZn,1,1
3YkDslZvvMixTwgDId0aYB,Twenty-Three,235,57,42Gtm4-Ax2U,3rMvAe0zU0pJRnRa7Rfc1U,3,1
07nOCdGwWBFSwSM6hXE0VY,뻔하잖아 You Know (feat. Okasian),250,0,X0PqkT_dnxs,1bCQECuGiRPIdEkmCe8m1U,5,1
3hfN1wQSiLPa6b1RX5Kfbj,WHISTLE,231,0,dISNgvVpWlo,0zlJOlDdsJ6Y14GnPoYGD8,1,1
4jdiqVbH1eUwc4MzDV7GMu,CALL ME BABY,237,0,yWfsla_Uh80,783a1YbiWvZkD6UVFn9mtH,1,1
6xy9JYFKcpb9L62PRNnYW5,으르렁 Growl,208,0,I3dezFzsNss,7xjycWH5Bq3N5rb9SEoDZG,1,1
3F76FuWseLvGkcgatzTD9q,LOVE ME RIGHT,211,0,RuqaVryDRd0,1LAtXrg1eSZ0sHbdzWoKAj,1,1
0RhbQOahoOBgBE7Qx4AoSy,Dumb Dumb,203,0,XGdbaEDVWp0,56L226pRT1sHo2vgoJy5IB,1,1
5ubfQzhabDSLYyohz2ozaN,Rookie,232,0,J0h8-OTC38I,01n9lwCLSigXsuY0AdFS9O,1,1
7AvXrOVEVRcfXxme2wo6Im,러시안 룰렛 Russian Roulette,212,0,QslJYDX3o8s,2pBrB5hW9CjLWWZGqrET2g,1,1
0GqvfTRhP8HUn16mQx5Hxi,Vibrato,183,23,pOmTdFpIDX8,0S1VyZliuHBfMhMCd7kr95,1,1
2klCjJcucgGQysgH170npL,4 Walls,214,0,4j7Umwfx60Q,3eq8OpzVB5qDET5TBoqTPN,1,1
5Rei61HA8R3TR4b0kOEINA,삐딱하게 (Crooked),226,0,RKhsHGfrFmY,6KMR8jlvEkXiL7Jco4HvPi,8,1
1jbHCJ8EtvoKfMMYy3bAlN,Mamma Mia,224,50,AEAdE9wSqwg,3emUMd2AU3S4jF5ryo3CKr,2,1
1943Xa6bYdaFxsntl1wDeU,"아끼지마 Don't Be Shy (feat. ChoA(AOA), IRON)",208,0,G9zL-A78oRg,74CU3qunOU4OPzdSbK9rPv,5,1
6c1cQOxDKZhnfu19rclv6G,Why,248,0,WkdtmT8A2iY,2LgnQf7qzLjeRcY7JjRfy0,1,1
34NIgK6YRK8xVSZ4eNOEQf,I Just Wanna Dance,216,0,E0Y3ABqK7M4,7iv5B002IyCRxcrxsmBcbC,1,1
35AkF1N9hX4LCfgSU4P8Xy,Fly (feat. Fabolous),285,40,iZpq8FjJr2E,3iSGoyAw5LwC5w5JRagyNn,1,1
6y0J1inhF2oL9vy23bar3Z,Ring My Bell,199,0,z4sN05-xIs4,3Q6QsqW3WWq6DLphXbXWkL,2,1
6eqX1nvFkgyumsATfnq6bo,Venus,181,0,zU3Ug5pw7sw,4tjaeYd50YdVZLh5kQ0LGN,2,1
2LdOm1BBfBbQjw9LrqmfuC,First Love,221,45,RjXXSsVNncQ,6dIwlMT5nRODXU03vPs1lv,2,1
0ybFrET5ifcGrjshkNsbz6,BANG BANG BANG,230,0,2ips2mM7Zqw,407pN41bJq9wAWvauVVGa2,7,1
0hDFzmJGkj5HolDFeUk87X,SOBER,245,0,MBNQgq56egk,407pN41bJq9wAWvauVVGa2,8,1
5l4u7LfxvtBPIiV3ptriqs,링가링가(RINGA LINGA),229,0,UJfZ69MSlvY,27XDcBXIllsjdrwMoOM5Wm,6,1
3e90xWe4zk3p8fDlQJRgUK,Rollin’,207,5,x0Iogq34jUo,4uO6gMXuq2W9AdG4CyPLLT,1,1
60oyvXjv0nwZnRrwZvZqUm,FACE,224,52,gyXy0m-4bvE,0LwhNIhiEE3D0memGvBLfl,8,1
0sYbRzhGQC0NRTVvwe8n3H,Hate,222,0,D_F9HUTYnl0,5vRc2fDkzXX2QzAjDdvZXT,1,1
17gohmCYDlZSYxp41xqVQ8,Lion Heart,337,0,nVCubhQ454c,5NlwMhwLycO4kyzphjhM3e,1,1
75ai0ibymmqyCyaxwZuhnu,"I Am You, You Are Me",217,31,ewjucLierFc,7kjI5E7O2TWQ79Q13tHrpw,1,1
4Oqm4LXiG9MekVf3fnDyPR,Press Your Number,288,0,XsOGiTSZ_cg,3hQknooffFRXh7jiJHFOvI,2,1
4zPF7ERedaIZGDIxnE1KVH,Whatcha Doin' Today,221,48,74Pru-JQzRk,3uI4TkXyzJKZEWeKXbB9PG,2,1
0NPLDl9guNgIYvYFEQoO4u,Gain weight,196,25,Pk8hs0LcNd4,2OnjJ83PCZ40BTg6Zmnuvw,1,1
2RKgRT8O8K3DXfsGfnbNWx,Volume Up,258,47,qsWl1--Niyg,392dpAiWwgaZBrc7iexjtT,2,1
6S5QQ4byCmcm7OcgG3vsyZ,Now,223,50,6pw972Kl3L0,6pS98dlal9tYQYw5udDskl,2,1
52m7jzmFhLVyyXeulftj5d,Attention,210,35,tGVkgZcqYKs,6pS98dlal9tYQYw5udDskl,4,1
6NB81kD2XDeTdNBksV0yxM,CALL YOU BAE,257,41,-LVdNUn7zsM,0rTICDazNtsQYlOIHZOXHj,1,1
74lBmZj5M42DjpGGzNtUt4,Crayon,225,0,t3ULhmadHkg,0H8x28mkOcJ7UMfOaeJxY1,2,1
3h7WIL3B6nP3171zl6HWj8,Jam Jam,219,57,mHUPGYFRwxk,5V8n6fqyAPxvFTibPhQVcp,5,1
0W5hTAWn8Tq0Qfhg1XP3YW,FANCY,219,77,kOHB85vDuow,2qoWlACJtoG0L5owi7Tj0I,1,1
5KfbFCacFuNJGdK2zvovcF,TT,254,69,ePpPVE-GGJw,6Ib9CGdtxU34pR0Qp60Ht3,1,1
0GU5GuJQQEnnREO2FxnVPT,달라달라 (DALLA DALLA),227,73,pNfTK39k55U,0fUJLlrsG1MpTHr3MxPN9C,1,1
6oZee3RwM7GHykYHZeb7GT,I'm so sick,217,58,F4oHuML9U2A,6XrOYOghCOtUlWYXxB4cAm,1,1
396Dkg9z5Q1hXxKryeP9T8,Oh! my mistake,224,56,D2MhwXZ8IgM,6UOBloGQtXOHiAMjJm2LD5,2,1
2VmbUOcHetU78iuTfe5kKR,Very Very Very,208,62,GdxvD7r58ng,6GG4sDDLIzcBDXHXREuEMZ,1,1
5XJEdVQ5jl3C3dFsV7kCTZ,Kingdom Come,221,52,vJEAMow2A4o,0rvrbZvaDX5S9ZBhwOwFfH,4,1
4P66rfizAl2nIJCICSMymC,Likey,222,69,V2hlQkVJZhE,5WflYUwhi8fBvEifYSapRB,1,1
2cvi3IRTibXzmAm4f8P2HP,Zimzalabim,196,62,YBnGBb1wg98,3rVtm00UfbuzWOewdm4iYM,15,1
3mKK73NhylzXdHV4qZGxI4,Why So Lonely,218,57,PYGODWJgR-c,3vCjRsRRGOLp8VCYPLXtDx,1,1
1sS61BTtpJxiw8VARNrD7n,YOU AND I,199,52,I5_BQAtwHws,3Y6fSean6h89OygPL0azrn,2,1
7m48u7EC4gnCfAhwoLfbCE,Genie,241,52,6SwiSpudKWI,7dXtKHYGXhQZCE2mEg0l93,1,1
2xSmwI4qeqtb2iIElCfcZD,CLOSER,231,54,isUudT58Xfk,08iyrLkLFP2ByBkqVhBls7,1,1
2aI2k39nfa3KFsa4JclQzw,DDU-DU DDU-DU,216,75,IHNzOHi8sJs,2zwfcNqJe7IT1RwgVyv1ug,1,1
0K2UTvyyBPSmr0IccCWNZm,Hush,215,54,dp0F18FFCTE,27FDExxvG3h3XCUcJVlVSY,2,1
7ehFSpcDs3PBExiLPwXQP9,Crazy,193,61,1nCLBTmjJBY,7rxIGZnWtFAmEP0LAGMF3E,1,1
2Oi0IO8K4BEbhPUdWcjNmv,NAVILLERA,213,57,Se8bbsUFjC8,0PlSM2Hml1cFANnzYu6RCg,3,1
3CVeGXpoPKJQ9JuhPp3mpL,Rough,287,58,0VKcLPdY9lI,0COnSwFb5qOhABUyWNw6Kp,2,1
2BQIMF7CyLe2xAKzh74A4C,Gee,235,53,U7mPqycQ0tQ,4YroJ4NELkaJ34JjEZ6RyJ,1,1
7uvW1F97LfVbOF6bzHs3nO,Deja Vu,227,61,W761DtH1oRg,4Y5YucmQPgaCJOkmRshYGs,2,1
23XXMK9SQBFwndnbgbcMPa,WEE WOO,196,53,wLfHuClrQdI,0LtwNMoaoYbJE8m3dT7XFe,2,1
40OyiVO9NtBg9R2Gpwxs3u,LION,218,63,6oanIo_2Z4Q,57sl8AvqVqm4Fadre0z8FQ,4,1
2ZVQY4mXF3eHTu1RBnBZl0,Secret Garden,259,57,QIN5_tJRiyY,5tnlYW7pyufAkD9DT8mXxz,1,1
4BdpM8bR0nifsaqSz3qphQ,What,207,50,pN0dkjp1deQ,68esmTNXocYLPEbLD1c7si,2,1
0Ll92eLIHWY5gey1ISNMPi,YES or YES,269,71,mAKsZ26SabQ,25Mm06mrgjAuVfTcwKe7pF,1,1
2HtcPHFdo7eu4Ilbvb0BVI,Feel Special,221,77,3ymwOvzhwHs,5MmndGNrJgTLd5W7HNmVST,1,1
20yOiJHRQGirFYehRSIb6i,"Save Me, Save You",240,54,2wOBbRu3OOc,4r7YKwLYxQDH61GddP5l3j,1,1
3YxK7NqMCWDpmrQ82Wvx25,STEP,201,51,zYoYoBtLqOY,3D9pw2IEWic2jPL7ER8sM9,2,1
1IX47gefluXmKX4PrTBCRM,What is Love,224,72,i0p1bmr0EmE,35LVzMbjGUCfYZYEP6YWyr,4,1
472McvAuBRHKhKUA0jrBUK,Décalcomanie,217,60,o0I8YjeWfQU,17BRNcJygXPprUrdEA4zkD,2,1
6VDDE3UVEcNsNy3UU6MznG,Remember Me,205,50,RrvdjyIL0fA,5cWzZxmpNNedvZLCXnFE3E,1,1
6x7fux7bZEfnChKx3nhSZn,Me Gustas Tu,252,62,YYHyAIFG3iI,2mou6C67yLJkKWjV0FuXg7,2,1
7prrcyZc48tO9hGzdnU9aD,WINDY DAY,250,48,AJqhKWo89FQ,7coV2krimvobeWltmNvYeC,1,1
55pm2wVKiIziOHGsC4FBYM,LIAR LIAR,208,38,LNZKqhXCv5c,29UxJbLKjRox0nOxTsDWNj,1,1
2WkPfNd237yc0l5KewCDpp,I GOT A BOY,305,56,wq7ftOZBy0E,3uhihQCm9aSvdJmDXcVrvi,1,1
2KH7ZhZs01rJOIVvuUNFbo,Chase Me,249,48,zihoyz0u_cs,2BIlGYqHZqWuI6GqwXd22t,2,1
7kTKAdVVlDxve6Qr7Hm7Qc,Bad Girl Good Girl,230,53,8TeeJvcBdLA,6Ii2g2GfqTzkqtSCpsuA2X,12,1
3CihjB4pu58o2ititZw9Yg,Body Talk,218,46,37GkANTikEw,5Bg49LEfyoZzKpQsEwRCtI,5,1
4Kl017IgdJxdlvgnvrpYlE,Ah-Choo,222,51,v7qisJ_KuYI,4WkapgTIqmLu5HUF75X6Y8,2,1
1QqaaKVZxu9ExhYjKGgI4N,Hot Issue,217,48,nPPKwg5eQ4o,1k8eHb3VP5FhHFVtap8T62,1,1
6mgqTxm6s5Vu11dSNuD4S1,Hush,167,58,UZYlRxHS0hs,7tMpbKXDLlHPSCoPdF2OBv,1,1
59fJbRecO16BIw9L1neEug,You Better Know,251,52,L2tTl5Xem_U,6OXg149IkmbgW7zfzbwgS2,2,1
5zypKmEPNSSfH4JTn9s68n,The fifth season (SSFWL),241,56,udGwca1HBM4,30CtcU5ApB65Dl9uxHQHjw,1,1
7tMN6iGJMulMFpSCeU7pmU,Electric Shock,198,54,n8I8QGFA1oM,7LVMjDwcyhVhDTHddKPjIs,1,1
4ML3iXqwb35FHG0SW1HVGc,Red Light,230,51,iv-8-EgPEY0,6T9SFwLGHVU75jRAjUJn3W,1,1
5ipJi9h2ghaThn6EUwO3B2,LOVE FOOLISH,203,61,JXNNjnvuayE,5MmndGNrJgTLd5W7HNmVST,5,1
76DhGlPaJ112MHVs1PJMyX,Automatic,216,49,px2Q47O0_eE,27cBQ5FDqv0xLgiJ7qNpZr,2,1
1Jk8M1iFFoTcL0IMuDHdsJ,Like Ooh-Ahh,272,67,0rtV5esQT6I,1kNjZtyacMvP8a4zyR3lzG,1,1
7BuFMtIknd3ewai0zhKhqb,I Just,193,50,oCvw4ot1-k8,0rvrbZvaDX5S9ZBhwOwFfH,3,1
0S6giCcEzgm7SzK6cczMKc,Q&A,254,52,YR2FxeyXw9c,0qXdSJ3TqYmGEjaLTsmGvr,1,1
7JfqtEztxAA11Q7O9N6ryT,BIM BAM BUM,225,52,0306kjwhO-8,243nNJW4Zk1vhQwNhZKXh7,2,1
0zYqFyhiTj419q56lNsjk0,Don't Know What To Do,209,68,bqzDuRz_P7g,7viSsSKXrDa95CtUcuc1Iv,2,1
4gjVhOuUPOpF23uKkcfVYU,What is Love?,224,40,i0p1bmr0EmE,7BcQMJklRFAz07H2HLTMT0,4,1
7GbUWl6qLW1gdngbEV2WDJ,Monster,226,70,KSH-FVVtTf0,5Cckx6G2aRR4aZBV6eIYdc,2,1
1iCJrfkx5U4DtmkazBSYVG,ON,299,29,gwMa6gpoE9I,7HXqq0fokRpOKG0bQW4xnB,11,1
18PergoIrGmRyeYxnaXJN2,Kill This Love,194,78,2S24-y0Ij3Y,7viSsSKXrDa95CtUcuc1Iv,1,1
4giQE1WslvC0WH412UVLYB,My Pace,227,6,pok5yDw77uM,27ZoNL04hp5yKavzixqMUK,2,1
3V23oYrFVc5VW1Ftq2wPCu,YES or YES,269,39,mAKsZ26SabQ,47d5aGM6oRKMvabeH5oICz,1,1
3o8QzWsiiqTUVgBZfHgF58,Cherry Bomb,270,68,WkuHLzMMTZM,7H5FkCA6cTDBX3wtvIbN8s,1,1
5SE57ljOIUJ1ybL9U6CuBH,DNA,256,71,MBdVXkSdhwU,2FTS6a6DLXMNp8flyA0HGO,2,1
2wVDWtLKXunswWecARNILj,SOLO,177,71,b73BI9eUkjM,7qAJpYeABXN9ZV5wOOX59k,1,1
3rhlUWruyuJXfR2yX1wSVu,TT,254,37,ePpPVE-GGJw,4Is5iRvLQlJF5aY6bxhAXF,1,1
2U6RSyXFnDVNYoD9iUgi09,Bomb Bomb,206,64,Y44vb5I3OAU,61X9zu44fHnOjjqIYu05Rc,1,1
6JdS5rJvJaRA7B1tcm7kxZ,Dionysus,298,71,-moUJ3Lw_TQ,1AvXa8xFEXtR3hb4bgihIK,7,1
6gorwqDJ7bsdCHcVs5uS9u,HERO,255,61,FZ9lJ5ctd0s,0ESTAnvX2zjMBxzesNAiR7,2,1
0xq4ZTcmwBfkPGo4RRKmMe,Gotta Go,222,69,HlN2BXNJzxA,7BYCvUqCaeIo2jgOl9iAGr,1,1
7jctPW5gAlj07A69fzS8m1,Rumor,166,63,C02nxN6onSY,1WzVAxZWm3JDNbI0jzk0dF,3,1
0ErzcmZ2gIwX7X0xSMQPix,BOSS,215,68,0AUFyFEt35g,3KAJvo62RNQEtXwIyB5rzX,2,1
0RqzUS7AkBhQDrBxcGFeDv,Hi High,208,60,846cjX0ZTrk,7e6TOKG4POoaQikpefQwbC,2,1
5RGf8qn1TBWVplLyyKUsuV,Blood Sweat & Tears,364,74,hmE9f-TEutc,17FnTn4P3Bkyf6mbNQDhhy,2,1
5KawlOMHjWeUjQtnuRs22c,Boy With Luv (feat. Halsey),253,82,XsX3ATc3FbA,1AvXa8xFEXtR3hb4bgihIK,2,1
2AIWoHr9DF6y4KALCBKWQS,IDOL,232,74,pBuZEGYXA6E,2lATw9ZAVp7ILQcOKPCPqp,15,1
5cadLqAgl7Y9zX3lRWdsPK,Cat & Dog,602,66,hY7m5jjJ9mM,2EUGHPf9UCnInxJ8p7gDVg,4,1
1HQPI8frgWJgdPnIKykZQy,Bar Bar Bar,181,45,yMqL1iWfku4,4HWZTwLxT2LRjRgg1oz5ET,1,2
3jsWXhE5NuPWQ4IHplv2zt,BIRTHDAY,191,68,oDJ4ct59NC4,7GfqgsiW63VBNLRvIrhqLx,2,1
1BiXkuVBXz9IzP7210Zo9I,Side Effects,254,63,5rPluw_-Eb4,162XZSDZpr559n4iyLy8m5,2,1
32h6yQGn4oAhZ0HRsTMX26,CROWN,240,70,W3iSnJ663II,2EUGHPf9UCnInxJ8p7gDVg,2,1
4baWaXmm0BFFT3Qe3uSvs9,Superhuman,254,61,x95oZNxW5Rc,3Xv60ja2pLxH3Wk0x0JIWT,2,1
4rKEmhNA19JezqVsSQS4yo,love4eva (feat. Grimes),244,55,tIWpr3tHzII,2kyVSOU7qUn6c3WqHjhMB1,2,1
4xTqgN4ej7EHMd0gWXJdrI,Roller Coaster,219,64,900X9fDFLc4,4FO6zeenyyhew9sB4ErG9z,2,1
3LAHbEBvDfj38gcUTA8bS7,Get Cool,203,61,BcXwZEbOvpo,51qHHvrptoKt4XsDLacc4w,5,1
56bHclo7YNvpujMveLElQn,Forever Young,240,68,89kTb73csYg,2zwfcNqJe7IT1RwgVyv1ug,2,1
4XbyRgWe6yU4wE6WShdTEs,BREATHE,221,61,RMJFEvHvmD0,5cxJNT3zQw9kvJ0wpwWY7V,3,1
4lRwa7PKcGIuJMwtPIYKdy,Anpanman,233,66,qkLMPihvKaQ,2jJfnAZE6IG3oYnUv2eCj4,9,1
1LShDXXs40R8bQFNBBupI3,PICK ME,346,57,UOmolLOQ7Rs,2bl024XQdz3Pd4jQLNyaZg,1,1
1zedfw5iu7XzKJT8CupEIP,Simon Says,226,66,arjy2v7zEI0,5iJsCigDROOTMgUpJ6ex2S,9,1
2hynpFtQsg5wqVevY8z6G7,favOriTe,212,51,AFJPFfnzZ7w,7cG5ePRgPuSblOX0rHQfuh,1,1
6VLIngaUede3N5lt37NL8b,좋아요 Like,232,0,m05UmCZJALM,3L4l2jfFtydU9Mo9vjnxgN,6,1
66JoC6wx9PkFrewIUGGyzx,Coffee,262,0,GiN5hPrZgw8,4e4Is56C3ph1sevY1I9Mq6,6,1
15jxI2XwZfYo7FGKex8IEf,Butterfly,239,0,TfKYWOUlq1o,1sBSHQEpD9pQOrJIv4qyFs,3,1
0wktnuEcO4CSGvh8vYx8yZ,하루만,249,0,DTcKkcyS410,18S9Qgh2CG9YoB0vvXzby6,5,1
4HrNEm1bMlE0UuT0BqKBto,Stigma,221,0,LmmV2b23DV0,6CqQEpTYDf64ku45E3ry7d,5,1
3JBnDOUd18QKjDqSYuOfpm,Dream,231,59,WfYgbFBFe1E,7ciJtZ2tYXhKsndQ7bf7Vw,1,1
1S3Zo9gPe2KCJUKa5wLdVZ,Adore U - Vocal Team Ver.,223,43,2usaCxgDpeY,50BrkBakrLWufmTLjCVBwn,7,1
093PI3mdUvOSlvMYDwnV1e,11:11,231,0,ulr0muQKjk0,6ZLQnQfsxbsdLNff0gz2Qe,1,1
3p5PbT7QMSQpTG5X1qUqk1,Love Is Not Over (Full Length Edition),224,61,ArP0AQ4lB4Q,7qvA0kf1dkmR1As2gOnBPn,6,2
3P3UA61WRQqwCXaoFOTENd,Through the Night,283,67,BzYnNdJhZQw,5V8n6fqyAPxvFTibPhQVcp,8,1
4i4uJFziL5tEO9tWRSudlJ,Autumn Leaves,261,58,6bLTGKawFu4,4frjaGAtuBmm8CPuYPY4oG,8,1
7L8hkKW4hnemNfuOfEZcle,Epiphany,262,72,fIkZOLsnoqY,2lATw9ZAVp7ILQcOKPCPqp,13,1
1ZPpGPko8oULTmi34rozMh,Trivia 轉 : Seesaw,247,71,BEIwwuQY_Cg,2lATw9ZAVp7ILQcOKPCPqp,11,1
0DrxFkuc1mpxdbUbssLQ4d,Dimple,196,69,it9NaaFIYxQ,2lATw9ZAVp7ILQcOKPCPqp,5,1
5cQB9fbuQCz4muQUFkv3rR,Serendipity (Full Length Edition),277,73,gSsCZJM6OG0,2lATw9ZAVp7ILQcOKPCPqp,3,1
0doLJjIDrYkoXDb4b9Qa8n,WHISTLE - Acoustic Ver.,214,60,mUF4PCo--K8,2s27rRgZswwbRJUQXSGTLf,3,1
4TWHREp4wv0TmewqR6rgRd,STAY,241,67,FzVR_fymZw4,2s27rRgZswwbRJUQXSGTLf,2,1
6N0uDUUQRQd7lIIFU2aaEQ,Hold Me,230,34,HadTXRCsxu0,5VWPfP9Ibc44LHQxAqoqtt,1,1
1VAwnMFpVRc0CvdRRsHDrP,Dejavu,228,56,dx0VcSNWdBg,3W93QQ0j8poUcMM6LJu9bR,2,1
3OYuHSIBy3KrBDXG9Au5r8,Sorry,236,43,9mRicqcxQro,5Fs2dlwUz1zkNcUPu6KaKF,6,1
1Zv6zo71iDXH07Lin7hxMg,Don't know you,196,29,vvkWaI91mLM,7ANb4BnhkVoBO4RDSJ6uSs,1,1
41lw42I7uyqwPEQOPZwcOG,Star,241,26,XUR8QByF2As,2cD4PEZrF7dCwPQUDung8F,1,1
4Ompd9kJo9Os4yB0YFzsEC,didn't know me,245,47,MGos22_JM1U,5Fs2dlwUz1zkNcUPu6KaKF,3,1
01dmH2IPkrLNWIMPNXlreE,Paradise,210,66,3g60P1VD2Lc,2jJfnAZE6IG3oYnUv2eCj4,5,1
0WNGsQ1oAuHzNTk8jivBKW,Spring Day,329,74,xEeFrLSkMm8,7LF4N7lvyDhrPBuCJ1rplJ,15,1
3eHkFA3StDR9BU7EVrUFLs,WINE (Feat.Changmo) (Prod. SUGA),235,63,g8wlcQTf3p4,26adxLsliyYcCfVTF6xA75,1,1
08eReCl8B3bV1GA247IGc2,Hold Me Tight,274,58,SX9zIOVClrk,0Gv6nwfgk6Cy62j0GGITQc,3,1
0UDCfleTgwihlnOUxbzokR,Awake,231,63,zvBNoSjlKG0,17FnTn4P3Bkyf6mbNQDhhy,9,1
48XfojJC87VKLlUotYV0Gm,The Truth Untold,279,70,YSXMp0h-NXs,2jJfnAZE6IG3oYnUv2eCj4,3,1
51CWs8Gipl0UqDGNA5xekm,DOWNPOUR,236,60,QCKOWQ-_CYc,4z9MmGwmGbQsOK90UQhV8p,1,1
06EMBzxDm2hueehobAlMtm,Ending Scene,250,65,Rh5ok0ljrzA,5V8n6fqyAPxvFTibPhQVcp,3,1
6koMMQlsRWBwHZXdtWxgUk,7월 7일 One Of These Nights,271,54,9xWiro_tS1k,2qgl7dAgslqL1w2l2wQhMA,1,1
5eM0WUGlosevLM5sA6UsWd,Let Me Know,256,61,PIKjNauCHzc,7FxxU3EP37uMsZf8FilkDR,5,1
5Zlo5ZYjrr6DwQw1kBi5bA,moonchild,219,65,G9ntaxClfrA,0XqAZHNx0xJDObehTI2587,3,1
73ipE4lfZ53pvBbJPXkiEK,seoul (prod. HONNE),274,67,F8wI5ZosdRA,0XqAZHNx0xJDObehTI2587,2,1
5fCDWDX2Kv9jc1s7nZfzOi,forever rain,269,62,Cvb76hBX_Oc,0XqAZHNx0xJDObehTI2587,7,1
4dF0mDPTlpjThf1mJyK83B,tokyo,187,63,2VhCuo_fQOQ,0XqAZHNx0xJDObehTI2587,1,1
6XmZNkGNEJngWnT7ITrLpV,I Miss You,272,26,76pXg38SaSY,11hjJntrvmauDoga4Krr0U,7,1
3IktbbAbZqczBDQxCoJOyP,Spring Breeze,255,55,FD2mik4V5EE,3GlWXh9hTWYJF8TNolZZmq,2,1
5ptViFrfoKdGPTdd9oQCwr,Universe,290,58,leu-cTvMWTA,45RVbFvHsy7bsO7CQ2oQ6e,1,1
6z1kLsntE7FuzKZHZWrXYN,instagram,279,69,wKyMIrBClYw,1wW2yfORAbOEfn2Et1q687,1,1
054sQZ2qmw0Ya7N0XSxl3j,Smile Flower,231,56,WzcaZvWE8ws,3wXGFboFgcK9ezbPuSrKk9,8,1
4BMbbfwW9GLl9b05ecYKVa,House of Cards (Full Length Edition),224,66,OKdDc119Lzk,7qvA0kf1dkmR1As2gOnBPn,5,2
43hiD0QEeUysuWqDzd8GwA,Epilogue: Young Forever,206,66,HBj4y9Zibao,7qvA0kf1dkmR1As2gOnBPn,12,1
62DeqSXWw36b1jzGWozXFq,Run (Ballad Mix),257,54,DgAVuIuauvs,7qvA0kf1dkmR1As2gOnBPn,9,2
0GsRx0gPft6RmijIwMsKmG,Friday (feat.Jang Yi-jeong of HISTORY),232,59,EiVmQZwJhsA,56MqewtCUq5bplrqEYTVL0,1,1
2jL9sjFc2LZsQBGbQnrjXR,Time for the moon night,234,57,_XyBa8QsVQU,4YkF0cmnD2nmzdpLk1ZUUP,2,1
4jhUqSKsWZoVOc778NsFU1,Sun&Moon,301,54,2HoTK_Gqi2Q,7H5FkCA6cTDBX3wtvIbN8s,4,1
1mdEvT7X3Rs7vL75fRb8oo,TOUCH,194,62,6sHIq41sI-w,3KAJvo62RNQEtXwIyB5rzX,5,1
0PAq1DRlOGBAjXLno94j6b,Run,1982,60,0uW-gI7Spro,4frjaGAtuBmm8CPuYPY4oG,2,1
3mmLyEhphJAaW7hyEXAD8l,Some,187,69,hZmoMyFXDoI,4pUGLEuGG0PH9Slw3nt1Jn,1,1
1H0zKZDwR19OGD3zKrwuTG,Beautiful,237,56,xXWyJEo6VgA,0fxMTiQG9ym37gYmIXgqG8,2,1
3uA8SjMyDtwtt0jLPMQbVD,D (Half Moon),232,63,eelfrHtmk68,1MW3txTS49ZGvyLi0fziLU,5,1
3FjZ3VejPzoNdCweXQ9Smk,Woo Yoo [Hani Solo],205,34,tm16_w17n-E,7vZ0v0ZUX9KSCdZgCrtovy,4,1
6PnZCsoA7ZeArdLEtx30YC,Velvet [LE Solo],196,39,EqLfVBbe2DY,7vZ0v0ZUX9KSCdZgCrtovy,5,1
54SuHqxVjZVNDyIUVpSgpJ,sorry,221,62,uXcpLWB2eBA,0HIDsIWC43WiecL3qO7IUP,4,1
5MkZkFLnUrsMrVKQwqv5zV,I.L.Y.,221,59,Vn0emeBJRGA,0HIDsIWC43WiecL3qO7IUP,3,1
4cwCVB09LU2UGNwVsWiTgW,누군가 필요해 I Need Somebody,229,0,j-TcFt2OVSw,1ISzcfWfLdewW66xc2Qszt,12,1
39QR0rs4eCwxhJk7GSPPGi,Be Calm (Solo Hwasa),276,48,7kgV7Hrb-1c,4G9qMxS9c4W5PPNdPrTaLn,4,1
1LiKPVgIQdR5Rk97o8a1fF,올해 제일 잘한 일 The Best Thing I Ever Did,214,0,CfUGjK6gGgs,7fk1Ss3LO6U2LYHb82z9zf,1,1
76EhSRgHnPBHQsQ6PYQ706,Be as ONE (Korean Ver.),228,0,TzoDUWmFB5M,7fk1Ss3LO6U2LYHb82z9zf,2,1
41sIKltzKnhFsDXWTKjO3R,So Far Away,359,67,1ptYIFedcnQ,6GbiSEYL78RDLpxoxkWavo,8,1
0ofpH5CvEIjc1H86jDyk8E,Monster - Korean Version,202,46,WQ3EVAR5EA4,0a9neB7QlIaVQ7Wi415Kh5,2,1
6FHwkEfmpjhoEzS9s8ao7f,Moonlight,224,0,CVIyF6jexCQ,5emTRUsmyNF1hNSTVqlyO9,1,1
6p9iwuLWm2xLKvgoWXugRH,Forever Star,203,25,652Ddri54hQ,6XrOYOghCOtUlWYXxB4cAm,4,1
3MkYUoEo1Yk1peHN4cof0c,To My Youth,223,64,sLZ_koI3qi8,4pUGLEuGG0PH9Slw3nt1Jn,5,1
01bnqaE6nQogjdMMrrL1dj,Don't listen in secret,238,54,GS37BJ5fxE8,3wXGFboFgcK9ezbPuSrKk9,6,1
1maafRRnys7gGBUXcjhzmM,Say Yes,231,48,dYAjuwyib2U,50BrkBakrLWufmTLjCVBwn,5,1
3bNjjq8KpMx2Y9gpCoJl2u,우린 봄이 오기 전에 Before Our Spring,253,48,v9ea5VDQfXg,3KrFO9QDgfa4UAiqM6flTf,11,1
0ZiiIOcJXxl6HRA14xTwEz,잘 하고 있어 Grow Up,215,2,a4jiotDjHe4,1gVzcQetApqdnM4ijjJV7C,6,1
3zEIwUZcIPN9Kci00VW3VN,편 My Side,222,1,RfRceNaUjbM,40Pa1bnWFp4I48tuoal1mS,3,1
0XJZ0Ol4sRfcbZ8DSFAuIt,GLOW,127,1,y_JZhpuxWN0,629NfdAtwu46Z6pNZPKSGq,5,1
2Q6vn3Pz85m9ttt9mOm5qZ,Miss You,186,49,p4ANcj38ZrU,01Ko1HQowbmrPM3awKqZsP,1,1
2OsH4MtKPVeI8w9sFBLEvZ,One of Those Nights,202,57,TZWSW90lybM,60ySfrb8zjJooMlVbpWGHG,1,1
2kgjb8aqV3202cAN7jUaNR,Hear me,238,46,x-VRp28sbs4,1GtPnOiHxCnoZPCiLcKj22,6,1
0O5bo4CqoUcXGyRPoeTHSB,180 Degree,239,54,rDG9I9nx0QU,0oBH83eLqK72jLRzrbPBH6,2,1
3kjyG3jI6a2EzYVa3ZlvFI,First Sight,208,54,hhXDFl6tmVY,2sKtwXOe7K4TETlta1ehba,1,1
7EuwGgjGV5mZdiFxkNVNDd,Miracle,285,28,RtRtLf84I2M,0YN16PVfGV8fZM7YTuHZiA,1,1
615AGw524AbNzTWUjHwXpO,When You Fall,251,51,1xYEOPAGImo,2bGsIOkfC61PUPVK1ILQci,1,1
00Za2WE6U5QeaAuqRwjhyN,Autopilot (feat. BoA),214,25,0o-T2sGa9IU,5DkaeCg5he1AzPOmZuGhdb,1,1
0tWJ05IcctwDbJ0PfDbigg,No.5,196,48,TJmF25EMdoQ,19HqbZL9Y69UssY9DDyBXR,3,1
3O5CrJjatffDXBtVUK4XB5,Truth,198,42,0-FgX8wLNzY,0pHTB9s8eflsnSSIhrCBEY,1,1
4uS7VPnhc6rddYXTsvWqzV,달빛 소리 Moonlight Melody,218,41,3tPSzq3lYVo,0OkJThJls8FO1lutMzMDJ0,12,1
2NvrIHgujKttUQyx2uUMY9,Pinwheel,279,56,aarBJqitCJE,5aHdNainJWMc3n2AqfiOg5,8,1
0cI7LmBgwXN4Sv7W2zWsD3,Forever And A Day (Prod. NELL),269,41,si6d7Q_ohG8,2uq6ULcN34XW2N5cEIaXug,3,1
2mBSRrNtebhFsOeH2uXMKc,From Now On,210,33,NP9JMU84tTg,0eATYdmnbZkslIYNCyTjhL,5,1
1rsvpq2FuGdEih29HcHla5,Always (Acoustic Ver.),258,48,jM7h2hTOX1g,6sQ2Gukev7VHstYs30LRAu,5,1
7jb6GXWNyeGUKFaUCpmNX1,"텐데...Timeless (Sung by JAEHYUN, DOYOUNG, TAEIL)",258,55,PmH948yZwhE,74YQYAzf6Vm2LgIrsKxgHr,1,1
31PzY79H10HCgJs533Xq6B,For Life,244,52,DTiZ0aCm3rs,3bMotSQLWVaBRY8VpBI3eM,1,1
7cwjntgP717i0JZFGoTPMH,I Don't Know,232,48,V4llz86NIeA,3wXGFboFgcK9ezbPuSrKk9,7,1
6QD9XEFCvpvjEyQXEehYMv,Paint Me,221,45,S10azlzvS_8,2bvVUfael0Y1JwuHEsnqZm,1,1
25jVJDgG9Nv0jFIIPeb0c7,Lean On Me,205,51,UHFUvTTHSmw,3wXGFboFgcK9ezbPuSrKk9,4,1
3TVWi92dWPMVcKpXvX32UX,First Love,192,60,T8V9a6wl1oI,17FnTn4P3Bkyf6mbNQDhhy,6,1
5bPVe9O3bM9aQWWGnM8j7i,Bloom,224,43,OTvEp4MzDmk,7BxCYexXYAyXlMc6IVOMz5,10,1
5SD3nF4GLH4UTtt0OGWatS,Idea of You,223,0,LmOoQvdV7Ag,1DALmYrnkpWNydgxCger3R,1,1
68vMDFui7uTbw9OQcyB0gD,V,244,0,WxF7fmt3Ems,4MQu7vXhTomG1ZyOINRLm0,2,1
6JtfR9xa0HII5UWXfdjvsQ,FIVE,196,40,b22Ed7f0D-0,4hA6wnrxDRP4hkCrwBoy44,1,1
1nMbZ9OsVNSLEyijI80EST,TT,254,10,ePpPVE-GGJw,6kDty5vSEGHiTHS8OwXSCj,1,1
3DKtiWVAcWFOxIPyBlXxJt,Knock Knock,241,7,8A2t_tAjMz8,5JtYNion0x5enJFBhDgBJq,1,1
6jIpuClSFwyBoGTwwpkKU5,CHEER UP,241,9,c7rCyll5AeY,4Sm5OwvCBTMxG88fyfOr0T,1,1
1kPJiJ3N8cuw5Kzev8Ilu0,Red,213,56,oTXCgR93zC8,78Ei6os3WDar0sgVlGz0yJ,3,1
3Hd6zm1J4bVeu4VXwaDQL3,Hate,222,56,D_F9HUTYnl0,2QGDdrZDuxK7VBmcJZxi1B,1,1
3xHIyErJUeuy0MpjUKRuPw,Something,205,58,zVO5xTAbxm8,6bf0r561nSUanYZ9ej56Me,9,1
59JkwCdGIMTZYb0j75vebU,Bubble Pop!,215,55,bw9CALKOvAI,3ejtzmi1xzQMl8JtJruZPp,2,1
61NMqZzdUmRHw1KdS1honh,Mr. Chu,206,54,K5H-GvnNz2Y,2EHA3up6S0LpzQLZ7XlRsb,6,1
0RP3Qjp1QhIjhtG7gYoBqn,Trouble Maker,260,56,s-zRAQmKUkI,130MEXfaPjOmSkE18F9rJm,1,1
6Wqmn89a8tItOh3NLEhNTD,How's this,222,52,y882AFjrSOM,7MxQlxbJRYm9mZr8spbBke,2,1
0NeNAcCVtGqLAAmf4FhWWT,BOOMBAYAH,244,0,bwmSjveL3Lc,0zlJOlDdsJ6Y14GnPoYGD8,2,1
2oqbLpgVM4sCN34TeNBYEP,LUV,243,47,8dVjSvLzD1I,2EHA3up6S0LpzQLZ7XlRsb,7,1
68daw5D7jgDf55BJmaiQIf,Ah Yeah,200,53,egqDPipqIAg,54r8xseUAz0c9ORidjAKmZ,1,1
5mejZAeca4Ry7Sptw7LnvS,Catch Me If You Can - Korean Version,263,52,b09U0KLv6I4,4efZAcyaIaPMIeBQheHKOy,1,1
2rFRa1eJ8RqlINbJCZwdtt,Glass Bead,224,53,GU7icQFVzHo,3yOVupLmLpD7Qosl08ow0u,2,1
4p1mcA5wVKjzUfdxPoxSax,기대해,203,51,t8YXut6_56c,2YxJHDVzL2rWt5ZoXPv0FM,2,1
6D5KBWInFtc7WLBhv1TPMJ,WE LIKE,219,46,J6LAzgZi8N8,57x5ESFsP9BhhjJS99zaUE,2,1
5vCuawHQ8Poch1odz9JDpB,Ice Cream Cake,207,59,glXgSSOKlls,27cBQ5FDqv0xLgiJ7qNpZr,1,1
56xwRXkTTpsB1ASKJclpZF,라차타 (LA chA TA),206,0,H7MHZpSNJQc,2kYov162D5mOs1tzrI19s1,13,1
0NeCqOJkCX9tNeIHLof3OH,Chu~♡,198,0,Cnz2n5VcV4Q,2kYov162D5mOs1tzrI19s1,14,1
72d7SM72TZcTSekEX5UoeE,Bo Peep Bo Peep,224,49,XmXIrcUFGfA,5EQFuy3JR05HG1WM6YUx2a,3,1
7pm5uhK7xiEM9fQvuCE78l,Heart Attack,307,55,1pBgMBBsv4k,1VTC6SmzvyPnWsEuQ0clrb,1,1
6tgaYrOLuLt4QblZaSoZ3Q,I Don’T Like Your Girlfriend,203,48,bAsyhiaHzJQ,6AMAirFub1064lnkEyp7Uh,1,1
2DkL5Jaz5l47TksGuZ0y33,DAY BY DAY,209,48,LsmcZqWmx5I,5M9UHrttiFNuym6Rf3hfTT,1,1
7xePxAMPRq6WuRzuWxK8hJ,Right?,282,40,Nv5_uvyqI9s,4MypRcUE8bUFQ0TpIhIe1C,1,1
754PhkDUWZUkHbM7zfiLKm,Whatta Man (Good man),236,55,1eq9F-t02GY,7auH2HGIx0QeFEVoxCPmHm,1,1
1dyMRzKZMakJqmOnsUUZ9X,Hot Summer,227,50,z-rftpZ7kCY,5hr3fB4sBOMC7kZr4VvsUu,1,1
1e7eOq89QU6vGYCJp9yW2L,Sunrise,235,58,iciFwCnsyY4,7jxp9UaF0Hmtmr6zuacjoO,1,1
6MiGIhcqRysLfTTeTEgSuv,%%(Eung Eung),237,53,499YUeNoYVE,5O6vjbi5FqmKiVLO8HxgvX,1,1
28xjm4FnnGI4Xnds7VoNSl,Wave,204,67,FIInyEWWW-s,4Y8cigF15iNUSV1dhlQqRg,4,1
149wehc4FMDdj685CAAFRK,All I Wanna Do (feat. Hoody & 로꼬 Loco) [Korean Version],234,0,lT7Q93fy1us,1r35iKDhDpJTkVWBBCtFIB,4,1
5PITBB6zMUfwWKKa0XWtEz,Drive (feat. Gray),219,0,8HFxbY8YvDk,1r35iKDhDpJTkVWBBCtFIB,11,1
7y9Xospz6eMMJBtqELet7d,Yacht (K) [feat. Sik-K],250,0,a-T8aVasQdY,5itCMQKCHB6H9thK7asSHS,1,1
09SEn3ug4uO03ekeK1bYKc,PUZZLE,195,34,PqrMOtPF6Kc,25JXdPqltw5vOH8KPOzd2c,9,1
0m3W71Oliiv3gQWXi2YAmJ,Humph!,225,60,oDyFLIep_SA,4hlhRlDPvdfc7hQoD8gxZ1,1,1
1qLgJ1M37Mj50hlOnuw9cs,Naughty boy,215,56,Y90uGW5z2MM,6AjfY47ASqK3OjjaPxTqaH,1,1
4JViGq60SvqtQXI3WK0OLS,Oh My!,212,63,_5PELxP8Udg,7ayq6V3xwXGOScUqhvIyFl,1,1
2Q0IIf62kXoAo24LX70iyb,Get Cool,203,6,BcXwZEbOvpo,40Pa1bnWFp4I48tuoal1mS,5,1
5wIMMlbIGCNAXnGy0ijojN,MILLIONS,217,54,PALjhRpnfbk,1qBFnXYzALfwnIvsknOEKK,1,1
6KmWiz0zpYSPA56Poz0Cjb,LOVE ME LOVE ME,223,48,ppOWR7ZLl7Q,3s5LEazLAxgYZSFdG98rHw,1,1
4yHrnHRkY8ZEZUHPdsRno2,So Cool,204,47,Pj3q0ZChgFE,44HjYZEwgtloDNyIYK4DzO,2,1
03UrZgTINDqvnUMbbIMhql,Gangnam Style (강남스타일),253,71,9bZkp7q19f0,0ZjxizLeMyFEjR27JIvD99,1,1
448m3Ci1NB9ggSzfJWdN6I,NAPAL BAJI,235,45,tF27TNC_4pc,4pD6HTAwDdtTIo2niVa9pe,3,1
2d0SxR0z1n1qxDbqYUXKs9,I LUV IT,200,49,Xvjnoagk6GU,4H3SDn1J7LHuYTQFgNdYtn,1,1
3p6hnejEQYXkiTO1lAzVc0,Euphoria,533,76,kX0vO4vlJuU,2lATw9ZAVp7ILQcOKPCPqp,1,1
6Z7m5DLNPOaPg9T6nXK0rQ,DNA,256,72,MBdVXkSdhwU,2lATw9ZAVp7ILQcOKPCPqp,4,1
1ok4gxOv8cg5WLjWK6TQhD,Go Go,249,70,TEl6KgcfSA8,2lATw9ZAVp7ILQcOKPCPqp,4,2
4TiKZrN7gtc62SUiufpFCM,Dope,257,69,BVwAVbKYYeM,7qvA0kf1dkmR1As2gOnBPn,9,1
2VgPA0WnwvE2nbltxa3BHz,Silver Spoon,236,67,bPM7uIuB2Gs,7qvA0kf1dkmR1As2gOnBPn,8,1
4KqPuyZdcjXuRqXSARnt6r,Regular - English Version,224,66,gj-VU9oK2Yo,4oU5Tp952fPL7z2Bax4JmU,10,1
3WNuXdBxk8tQ2VI020dqvE,Highway to Heaven - English Version,217,63,iFoqGyWhMws,4et1GgNRTOx3xpK81Z0iOn,1,1
05fVrhFBjfElZiDfHDRxhF,Let's Shut Up & Dance,209,60,YBWgqb3KIeA,6jde7WGOJ8vRhD5YpxcgIm,1,1
7tQTOyhv9BAjKoMoegHncb,Summer 127,221,55,1PiMKuftoqw,7H5FkCA6cTDBX3wtvIbN8s,6,1
4mXEyvBmSPjS0SywQWWiwe,WE LIKE 2 PARTY,207,52,oFmfi1vM7co,1q8h2HdED1cmgJVo8lEBME,11,1
0PVPamA9j03mR7rZihCG00,Solo Day,313,6,tBUDRysyuMI,4bymCb1bTBZDR1W0PN08xw,1,1
2gat9tFMWBID4SmoPmQrFQ,Travel,258,56,xRbPAVnqtcs,0LqZ9ELhMDdIkpXvSqaLAp,2,1
2nChvM2Tyv1ib8AvfCJcOe,We Young,239,59,h3aP1cxwCyk,2cEYyauffphZuDONGi6z9b,1,1
4g7hiqTP5eXt75XU5WSMMA,LIKEY,222,1,V2hlQkVJZhE,7dOZAeST5qCpfpQRAHq9sa,1,1
1H2qNVjNn13tlpKv6MtiYn,REALLY REALLY,221,0,4tBnF46ybZk,5Lzl77xwAyReRnKPQkEjZH,1,1
2fRojxstKd6Tz9VziOeo9n,Boys and Girls (feat. Babylon),208,0,UsaJsymfuWU,2alo2kIobb6naSuL1ABFOR,2,1
5TyCTVsBsHeeutZcU2uP5s,Home,217,65,R9VDPMk5ls0,1Or4crj0DlitdTRp36TjnT,2,1
4ohFoNx1yHERjm06A0h2s8,LIAR LIAR,208,0,LNZKqhXCv5c,4myoH0xndN3zGsEOJvuMgv,3,1
2Xd9A1yFUzktsNmGluzB1B,SUMMER AGAIN,207,15,7L6IwJeD0lE,0nVf5phbavLJZUzgRjoUvJ,1,1
5rKkNEUm7PasrZxyZNauQh,How People Move,234,0,sbc2yBheAbo,2dOEJVCEUrPtqW47SNEzON,2,1
2ZwPHbkdoHC4tEQ4ReVLkc,How's This,222,0,y882AFjrSOM,0YmsYurKKnOMbyRuAnLJWV,2,1
0aOf8m2Y7eGsV17WsuH8Xj,YESTERDAY,185,25,3q22SInyiX8,03q0rJ9J1FbvbTUVekJGqk,1,1
4jQDaI7FRGaDB0llURpnNf,HER,246,33,o0WCva5Stk4,5wHs7NGuapCYtY4wWsYMi3,2,1
5S5gGOsUarzRXKoaSstwba,Me Like Yuh,224,1,1hYP4rmRVKE,0pW6Q9brZc5MEmrMx9aAUV,18,1
7pNNnrmd3pBIsQTenWExLy,Plz Don't Be Sad,198,40,1kcwvcbO8MI,4AWDPC3EEdpjRSVuJXVzRi,1,1
62txZsfsfNPkLDnnzZGRpu,Forever Yours,226,37,BJUjR2N0aEM,7p9kyHQzs6rVOdlhhSaL06,1,1
7CCNaQPv7eS74h6AmUMV59,Eureka,212,48,xp35Dwy4hHM,3MV7HPkh3Hg0kkbQ1KesfY,2,1
12GJcC8SdDYpkbHvFrgp1w,Artist,203,24,obzb7nlpXZ0,7A8SILx9WOx8SOvApoBuMN,2,1
1Ju2yM8mqYm5b9V6aEFohK,+DONE161201+,215,54,_DQXWaIcwGc,1GpTYZNg9VrcKoM9Mb0xM0,1,1
1W3X1WWJEC0alMW7nqYLTh,+REWIND170205+,157,51,r4SfrrFy1xM,1GpTYZNg9VrcKoM9Mb0xM0,2,1
2DHWM8Bm4zuzuH7UOXscJw,LIFTED,182,51,Mr29X77OA5g,47KvrzwD8nPGwpYYI4ffpj,1,1
18yMTj71QJwQkybGfhYcaY,HONEYMOON,222,46,J65BF4NogoI,3rz2cmoTK4j3hpuTfeRSRn,1,1
6CSZO82B0cM4CUgnrjPSfJ,"1, 2, 3!",334,50,Q7sHwg2Z21U,7tIzY6LKIwfEhEtqWvG5cl,1,1
1jRpxjlalomtUrMYqNerkH,GG Be,215,38,ws5zH2WC1gI,4THYBlMahlzoVC61vqGkZq,3,1
5Jl2i6LR3Socm4TYqRzZw3,Pirate King,210,64,RqJ1rH9M5G0,4ayTucmOGwLd0WrJddrUwx,2,1
0ffweDHrg4bZqdG4IfGYuo,Pied Piper,241,72,ptRo9YHAacU,2FTS6a6DLXMNp8flyA0HGO,5,1
1ayaOin9hxCtyhg4UsBTpg,Kick It,239,70,2OvyA2__Eas,5YOvg682zFOleCiSndLnZr,2,1
6wyr4ReB05D9sJB1Rsmcqo,Chicken Noodle Soup (feat. Becky G),269,72,i23NEQEFpgQ,76IRLp7YzBVLKsat6Ro9ae,1,1
3r9FFjLrAIQjoR8pSHVPC9,Outro : Ego,204,73,LmApDbvNCXg,6mJZTV8lCqnwftYZa94bXS,19,1
0mwCLKphlE8pzj6HKCWOlU,Good Thing,116,53,tzLF9EhyiGQ,4EEfpF1qcPAl1J4Z770A2U,2,1
6mFgaFFRsxJIbIz4qKeLgH,She and Malibu,140,31,EFjCTvNZU1s,6t19bzzwxuHIK3C0YstEcG,2,1
0oSNOJEcBIKNcQzRc5TfyR,Blood Sweat & Tears,364,0,hmE9f-TEutc,6CqQEpTYDf64ku45E3ry7d,2,1
2WIQOnzLpjjlkkyjDIBFKs,Hello Bitches,215,0,8o4Zj98FeX4,4iGDZdyxAf3vA24HfI0Ij8,1,1
0BU2OFDU7NvV7zza77F2YN,BANG BANG BANG,230,0,2ips2mM7Zqw,2YJrdV7ZxFSrNa2rMaLr9D,1,1
2jkZgKoNK8dKxs7FGb9c42,Devil,215,0,LzujUrSZihc,3tLpEVOpXkRifL3nIziMN6,1,1
0pGHou9D7JTMKbMfOLKy50,쩔어 DOPE,257,0,BVwAVbKYYeM,6yRUOoA0Z4jgr6qcKcFAbH,5,1
7MirWQBco3ZiuwvcdYaNSe,중독 Overdose,261,0,TI0DGvqKZTI,5P76th5WUjiqXxTYIgTXsG,1,1
7czyJpFnAl18Bwye8wETky,RHYTHM TA,242,0,tYI5CriE6XU,5CwTN4j1Ai5BfF5J9c8LHw,2,1
27GSSHVsa1yOfdKe9Mw3gE,Feel So Good,207,41,CVNGjg92z-g,5kaMnuKKIXvAGhV8SDrfs5,3,1
0iqgzWSEsCtS8NS46Ceerd,Prism,191,0,4BSDV9uKEIo,7FaQCY9KLjVNBecWZagXwr,1,1
3iVX6XiS0J31HIbZIzeF4R,개소리 (BULLSHIT),182,0,rYYit4cWaLI,2SOEQhCJdBlxrIV68Wfisk,2,1
2tdq0CeAGSfhI2l4Gwkvgx,Best Of Me,227,63,2Mppta4RgDs,2FTS6a6DLXMNp8flyA0HGO,3,1
6jLsYKGOBRBRvdowIzuyUf,All I Wanna Do (feat. Hoody & 로꼬 Loco) [Korean Version],234,1,lT7Q93fy1us,0pW6Q9brZc5MEmrMx9aAUV,4,1
7JHiyIBneG5971rM9QFoOD,Hey Mama!,205,0,AOzVyVv1HtQ,1efALwhMyHci80AIeiOp0m,2,1
44u6id0tBroYZPLSNCHMnl,Burn It Up,247,51,RwIsIS-DYOQ,0fxMTiQG9ym37gYmIXgqG8,9,1
1dJQaGuotdQeGeI6gToWLc,Lower,214,39,Zjp0mdMeIPU,5LjjM5xxUKPOEM2lmRBb1f,1,1
2WusoL0p5HmFzhR5DLGUVx,Lady,195,49,Q1JiptOTxno,7hdql29wHs1VTWxmGmm5HV,1,1
3TM7sUA8tMzndo6G8E526g,Jealousy,215,56,TSA9VZduuZ4,33jGMiM6HwvRfrW8bevNWo,1,1
4W0wSLXqn0L3XneeBC344O,Electric Kiss,205,53,XcdLVKYsHHU,2rCAxjC3ieERLL646wsAc8,1,1
2iXvnjL5CH66UpnGjXHDmZ,Lullaby,223,64,9RUeTYiJCyA,5bZagDONazVp43sbHlf3RD,1,1
7pueMCX3VIGy3pM83PuCMz,Shameful 창피해,214,36,WvihLNtktHs,7nJRHOtyVewhREGYcGUtHg,3,1
03iCbZaM4OkRR4We6wIzvx,IDOL,232,68,pBuZEGYXA6E,2lATw9ZAVp7ILQcOKPCPqp,10,2
3pR7fROuokuTWSKxyDMcDC,Abracadabra,181,0,o4wJGWcHzVA,4MZkze0YDfaDcetz9h5sDF,2,1
3mjfQvA5gAV6XnH0ZWnIyI,Good Evening,229,54,7dGwk5-QMpc,0myFUTLsIg4SKyAanKrM3f,3,1
1kFevEv3s7Gf6o5xSDR5DL,LOVE ME RIGHT,211,60,RuqaVryDRd0,2tSO8aEYf5YvpwmvvrOWH7,1,1
7uW2sLxLjNgQJHa71LGVGr,Honestly,212,57,vbZbnpbVc0w,3VJ491AjnQygF0lcuiRD5D,1,1
3f1JOBLYpzx01ZalqvesvL,Can't Nobody,211,47,Ihi_kJJj_8A,35M71S29eZpJgGh2G7uzw4,1,1
7wNZPLzUKbttcNSyoqELuE,I Want You,195,50,IDpWeURKkbI,0myFUTLsIg4SKyAanKrM3f,11,1
1IWNylpZ477gIVUDpJL66u,Sour Candy (with BLACKPINK),159,85,fnPn6At3v28,05c49JgPmL4Uz2ZeqRx5SP,10,1
1EY01onFQGWy98ppvmTTPc,Love Shot,128,29,rFfS2sXFOx0,5OgoFdloQk3w6yfa1bDa6w,5,1
67L4mztgAfkj8wZyFBnmJ7,I Need U,263,51,yUq-q_8vYNI,5e5AdT78U3ZZthxDcYdxCs,4,1
3e4XnwzEVgZYbtuIwNZEbF,Pied Piper,312,45,DmKKiKOym1I,5e5AdT78U3ZZthxDcYdxCs,5,1
6RWTUP9xvCudk3u4uM7TWs,Save Me,199,46,eu7wF61_U9M,5e5AdT78U3ZZthxDcYdxCs,6,1
5tVhiKw295amRhxkGt2ryu,Growl,77,26,ojeFiz1g76w,7DpKPGO3b8WHO2LDHKHf1m,2,1
7CWT9FxUOzFBPI7sUKjada,Blood Sweat & Tears,364,43,hmE9f-TEutc,3oKDuynH6AVJJNFpLu9hkD,6,1
7vH6uRp4P2rn2Y8jBnWOgL,Ko Ko Bop,220,33,WPt-ef3ZKpM,3oKDuynH6AVJJNFpLu9hkD,10,1
4UqzyL6YQQY2bmghpTwvki,Intro: Singularity,200,44,cRyMjYnnGdg,3oV63bGVvGe6flbcSD1B5x,3,1
2ZX8Bqzyhok3KmGla1fhba,Airplane pt. 2,176,42,a410Hdfsp6k,3oV63bGVvGe6flbcSD1B5x,2,1
6jtBGkf1lsMGhTuLKSxWBQ,Fake Love,311,46,agZr36JblNg,3oV63bGVvGe6flbcSD1B5x,8,1
4DxrOxehPFRsgZnKbp6Mc6,Don't Leave Me,286,41,3FbGL5Dyaf4,5I4yNbZloL8J8tMxUxctn6,2,1
32pNofJqG4JcJfQavSH7LI,Idol,278,41,e9ldUmkuH6k,4vcqaAPNDVVcGyO2LHfwDR,6,1
0SdMLlsw5FOEbHJmJs8aUA,Boy With Luv,325,41,-HMuXsEdBL8,2iJwc9Isd4Ic5ckpkVjdxl,1,1
3TgRtaqKXEbkkB5xKTNRC8,Home,247,40,VvO87-wJKgo,2iJwc9Isd4Ic5ckpkVjdxl,4,1
3NNzVNITqqTpaThmOoJ9kO,Fxxk It,197,7,aWfd971CrrI,5FzT8f15B3U2FZMtMiEsE0,7,1
49DQD3sQ0cAu6Wpwmq2c67,Tell Me What Is Love,217,6,BUisV2aQdJ4,7LOzVFm728p8SfnYzwNPDL,2,1
59x4XVtNun4yzfDIiqgO3G,Call Me Baby,223,9,mtvtyDAjyR0,7LOzVFm728p8SfnYzwNPDL,4,1
3NvYIoQ2H2QnGlWYkqXfSE,Monster,240,9,FTHAegmLkZA,7LOzVFm728p8SfnYzwNPDL,5,1
5ZsEcZzlYyRsVHLT2LgnHF,The Eve,181,9,duswJY0bxIg,7LOzVFm728p8SfnYzwNPDL,7,1
1lIKeo9Y7JmgIn3htoG1T7,Lotto,197,8,wM8_jjga-cM,7LOzVFm728p8SfnYzwNPDL,9,1
5ZGGchCJNEJlfBEkacdnCT,Lucky One,214,6,Np6vGfeY1bU,7LOzVFm728p8SfnYzwNPDL,11,1
3XF5zCYS1bJJAPepPXBYvW,Lightsaber,190,6,aiKdZwVaU0Y,7LOzVFm728p8SfnYzwNPDL,12,1
6P5hUQfJs5J4JX8t2o16vp,EL DORADO,277,23,1GZqV7e29lE,1y8HHn9NDnOtRDsz4fpvT6,9,1
39hhXAgLzuY57gX1exUSHA,Anpanman,233,35,2vMfPlJR9-w,52cUTQY5JVdFXd9Ehhj1v8,9,1
2xVpbLYHIlkIQCArV3LxMj,134340,174,40,fDDYnPbYbQ8,3oV63bGVvGe6flbcSD1B5x,1,1
2os5SJhDmjwNSsTzcXPWXB,Paradise,250,41,aNpSVs3qpVc,3oV63bGVvGe6flbcSD1B5x,5,1
1kUjpHCn98OC9FKj7QjVqW,Power,204,7,U6Sr7xnO9gE,7LOzVFm728p8SfnYzwNPDL,1,1
3h3PHCZp0M8AofXOo5779L,XOXO (Kisses & Hugs),201,6,po0GFc2JRQ8,7LOzVFm728p8SfnYzwNPDL,13,1
5lAHcS0DRhsg9An4QtWqjq,Hero,174,6,w6mauXooTA8,48WEByw1xdCPFogVuoUaKE,1,1
1WvTjztllJoCwPqKEUI0ab,Jealousy,178,6,5yrw7Kk-dO0,48WEByw1xdCPFogVuoUaKE,7,1
4QgG5kOmNRzYtYcK7sIKNB,Lo Siento,195,5,YnT7fZXYqp4,7xd52YjSoq2FikKTkk1fNL,5,1
2GeKJU7FxXaTEoSmVGY8VW,Clap,233,7,DHgZKy5_xfc,1eJnPRXWCcGIW5csJ3z0TJ,2,1
56QTrUsq9hoCWTHmhNlLzH,Bang Bang Bang,160,6,n9yRoXmBp6w,5FzT8f15B3U2FZMtMiEsE0,2,1
765ekFTA83CsiRRAyMIygc,Never Ever,195,6,Rr9rfIp7BlY,436JAnc8VrhImQPJ0Aao77,4,1
69rCS3YtJpBiPQFbNODdz2,Highlight,162,6,kvYN_BbWk8Q,1eJnPRXWCcGIW5csJ3z0TJ,11,1
517DTS48QxRqbXDmelxRKD,Goodbye Road,185,22,cGA9xspfoPk,0iFaX3sq08qlEd7om1QBy6,18,1
0ZHVhTjk9TlijnqMOEgHPo,Love Scenario,180,27,WmragYD8rwo,0iFaX3sq08qlEd7om1QBy6,19,1
5m9T1X7olG0YPKbALohNh8,Best of Me - Minor Version,343,36,jixznNu1QrY,3oKDuynH6AVJJNFpLu9hkD,2,1
2HtoNujbEZGjxUNga91nVQ,Moonlight,272,21,TLQtJK7xB7c,7gYzLMUXGIyiPC1oTVIrRq,1,1
2Jr4Lc2fmHusWI3wblFv0x,Dionysus,281,27,Bidn8iKW39w,35ysGfURGPhV0IUfGrrzCV,6,1
3ErmLE6j4Khqk65Hplj4FW,Dream Glow,200,36,DGbMXaGA4IM,0Tn8DwkrdnG0bbFq4f8Ua9,2,1
1BCQ0fy8VVyfmGzXBYXliL,Hellevator - Instrumental,238,23,W1X9Dq2piZQ,6SwPwntAh7WasXdlw3yo7r,1,1
0pRwZ0Vh3Vud0XANoHyiS2,Miroh - Instrumental,200,21,6pVwd1sAnu8,6SwPwntAh7WasXdlw3yo7r,3,1
7uhW9Btyhk9Wj3K6FKwV8I,My Place - Instrumental,176,20,zqIW0bCtkNg,6SwPwntAh7WasXdlw3yo7r,4,1
7D7iua3Ft1CSB8V7Ed2ezk,Playing with Fire - Instrumental,213,21,AILxLv2OPUk,18HdZzO0yOrCUccxZonxHX,4,1
43YWH5mBC63pBUD4xFeDc2,Kiss and Make Up - Instrumental,211,20,roNfEdRcv8Y,18HdZzO0yOrCUccxZonxHX,6,1
38CSph1neFXjfntP4jxcna,Touch,198,5,gQG5UKehHpI,560XExJUOx20lW4CRlhOcL,8,1
2QqwkyFJMecxWqjUAD71hS,Get Cool - Instrumental,217,21,kA69u4hRiP4,6SwPwntAh7WasXdlw3yo7r,6,1
030IgZSq9Ci60Vfrmq02Dh,House of Cards - Instrumental,187,28,HCWil5cUlo0,5q5S8Fs1CHpbBLkexw3kEQ,11,1
5CQoNd77kWR9T0Qy7VgJpT,Fire - Instrumental,196,25,0kpqvARU4c0,5q5S8Fs1CHpbBLkexw3kEQ,1,1
695ztA9u7GeISFIejwSqDv,Not Today - Instrumental,236,27,aSJ4axAc0P8,5q5S8Fs1CHpbBLkexw3kEQ,4,1
5Gntg20iPzp6XlEEsoqRRU,Mansae,190,6,KFmAS9hhNuc,1eJnPRXWCcGIW5csJ3z0TJ,7,1
6mxg8wPb8Rkqr81xzEeTLA,Adore U,215,6,K-R3_d0BDDY,1eJnPRXWCcGIW5csJ3z0TJ,8,1
3hEENe57erDgu1UHIE0OHN,BOOMBOOM,210,6,rmXJPeVIpuU,1eJnPRXWCcGIW5csJ3z0TJ,4,1
4GiNzAzl8OQUEeyQy2Pmm5,Haru Haru,248,10,ThSXHLnXfbk,5FzT8f15B3U2FZMtMiEsE0,9,1
0mAgMjTUAunwuyHOjtg36D,"Baby, Don't Cry",244,32,As1CXLUcoak,7DpKPGO3b8WHO2LDHKHf1m,4,1
4niJbBK2OioLHHNBOxB7F8,Intro - Growl (Ballad ver.),172,24,GEWs5Xr_iiE,7DpKPGO3b8WHO2LDHKHf1m,1,1
3yeSshSmbmECWa8tK63Efs,Butterfly - Instrumental,144,28,8pBC9UpyrdI,5q5S8Fs1CHpbBLkexw3kEQ,9,1
3lELXkxoYeBOZMVGOdKrsE,Run - Instrumental,248,25,ql6gACuQ0d4,5q5S8Fs1CHpbBLkexw3kEQ,8,1
5f5zEqIo673sGLRuIcEwnt,Black Pearl,193,21,cG1h5iW0nfE,7DpKPGO3b8WHO2LDHKHf1m,6,1
0tqAGwZw1nNd5dZFWuQ5Pj,Dope - Instrumental,176,25,6ffZ_CSyiDY,5q5S8Fs1CHpbBLkexw3kEQ,2,1
2LU57LQBNptAi7UWS8JRPf,Spring Day - Instrumental,227,22,Xz4DeEHumR0,5q5S8Fs1CHpbBLkexw3kEQ,7,1
2a522tEKHxJjBxMnbcIHqs,Just One Day - Instrumental,236,26,n-Zp3s_9pno,5q5S8Fs1CHpbBLkexw3kEQ,10,1
3rpSjfoRjdvUB0bwnSMVo8,DNA,285,45,AIKqk31gkEk,5e5AdT78U3ZZthxDcYdxCs,3,1
3OWTqmBWFXoPgXHHvyY6P2,Fly - Instrumental,186,20,kXIY7Ojt8yU,08naEueI4Tl3PZ8SFtMBH2,2,1
51sWkGdjpjVMnin3i691Cg,If You Do - Instrumental,224,21,hrZ9HPfqrQk,08naEueI4Tl3PZ8SFtMBH2,1,1
2jLdU8QC94IA9RPQuIo9z6,Hard Carry - Instrumental,174,19,9LTMRDp-13o,08naEueI4Tl3PZ8SFtMBH2,7,1
2O39JILPBLBabhcNq3Fjnh,Look,181,5,kzdHn8j5Vd8,7xd52YjSoq2FikKTkk1fNL,4,1
4JUfZTWXZmEcprSTxu5pH2,Limitless - Instrumental,210,19,mWzmkL-B2Y8,5RVcVeRyHSF9R5m9e0iG2i,5,1
0cMFClchhMOZ3d6EhGaSwV,Blue Orangeade - Instrumental,179,18,n0HeBjusoFg,25m8RewnU56R8oDljb35El,6,1
7s831brlOU0CJz2h95S23Q,Our Summer - Instrumental,189,20,I1pJzs__dBY,25m8RewnU56R8oDljb35El,7,1
7yAnOwuaza4X7y5HTPGhfK,Crown - Instrumental,181,19,9SQIXwEDteg,25m8RewnU56R8oDljb35El,2,1
1xeA3NpOlbvmCvejZJsam8,Heartbeat,268,24,8Np1ih6S-dk,7AzuNN0wLwh3sEvil9VECe,2,1
2bf6xETwagrtmxRtw1lpSE,12월의 기적 (Miracles In December),277,23,2S7osyuYY7A,1y8HHn9NDnOtRDsz4fpvT6,1,1
5ZuRolDo7MckkFjZbUqyEe,Don't Go,217,25,DWrKeHYCWF8,7DpKPGO3b8WHO2LDHKHf1m,5,1
28xbMQBhgbDPbI5Zk7pMk9,Make It Right,244,41,GBNXa6BAKQo,2iJwc9Isd4Ic5ckpkVjdxl,3,1
7pSYz3CoBpjJHj6S8k575N,Mikrokosmos,252,44,c5HJio3NOEo,2iJwc9Isd4Ic5ckpkVjdxl,2,1
6EKT5Wo2izVKgZxff4R3nT,Euphoria,205,49,Flj_Lz-r_Ac,3oV63bGVvGe6flbcSD1B5x,4,1
6Kfn1KlcyzZH2mgQErzKxD,Waste It on Me,207,40,3fEnT1ADOKs,6tRin9iU8hUdMkG4Dfz2lQ,1,1
26X0oGgRMQxCTplVWUVniH,Trivia: Love,190,40,8L23TkRIySQ,4vcqaAPNDVVcGyO2LHfwDR,1,1
79pqzy8u8PyXPsODElP15f,I'm Fine,230,42,llhjccfcoSs,4vcqaAPNDVVcGyO2LHfwDR,2,1
2t6C9fzEDDZShYwKmMAgVf,Answer: Love Myself,248,42,e8Eh_UcrpIU,4vcqaAPNDVVcGyO2LHfwDR,3,1
7rZvZUyiv8LY69vAT6Zj10,Trivia: Seesaw,284,42,ZqUw44il4Mw,4vcqaAPNDVVcGyO2LHfwDR,4,1
7ECDcSJhoTuMkU5kJ3ueDr,Epiphany (Full Length),250,43,Ih4vg8_QA74,4vcqaAPNDVVcGyO2LHfwDR,5,1
4o2AmJTkTtspETRK9JL4pH,Trivia: Just Dance,273,38,ucTnrmNSnPI,4vcqaAPNDVVcGyO2LHfwDR,7,1
6pEcxmzAeSX1UNGPfqovcw,The Truth Untold,264,35,9cnVmhUVM-w,6slCkMfsRJ9wU9V2fOQe3u,2,1
2Ay6SvSQ4Rddfx3TZ9I1Hx,Black Swan,289,44,neAWx7-e6OY,5qXOGcXhNXXlnW0YILTM8W,1,1
5MRssHZVfirKcVZGWwLsql,Filter,200,39,uHhizF6FUro,5qXOGcXhNXXlnW0YILTM8W,2,1
1PgW4zrkIPHT3s1E5lV7rw,Friends,201,38,L0CdgEtLTRU,5qXOGcXhNXXlnW0YILTM8W,3,1
5nuiz7Ih1ysVcsKIImI3Je,Inner Child,235,39,7dBQ7Klvp1g,5qXOGcXhNXXlnW0YILTM8W,4,1
0QNu6pcEzwzp7D4gMFhyfN,Louder Than Bombs,247,39,w4qXasoAZpo,5qXOGcXhNXXlnW0YILTM8W,5,1
7MlbvqvkVx8MWBdSBkJRK3,Moon,199,38,yMg-zWVdhPI,5qXOGcXhNXXlnW0YILTM8W,6,1
6SfNT1mHRCXrkvjeFGeMn7,We Are Bulletproof : The Eternal,249,41,HhbES2OS7M4,5qXOGcXhNXXlnW0YILTM8W,7,1
52gNckuUZCEpWwFl8n9Som,Zero O' Clock,301,41,kbdRaJCzoBA,5qXOGcXhNXXlnW0YILTM8W,8,1
07qK2GNNqVvd6KoE53tWpg,On,,39,user/Fogotish,5qXOGcXhNXXlnW0YILTM8W,9,1
5c0WmzhWSmMtuQxDCLafeP,Love Maze,219,4,xSJ5cFnTYrw,3z2xxOJKI2kUYvp6qAwOI1,6,1
14fDAC78Sg72zvbr8PmBwh,Beautiful,218,5,gkX_TVvtgaY,48WEByw1xdCPFogVuoUaKE,3,1
4sibpcyN7n2FaUGL1UfuEI,Trespass,203,4,pOiiEV2YBuU,48WEByw1xdCPFogVuoUaKE,2,1
0qwH8og5Es4iD9nFERX6dd,Mirotic,218,4,3uk1X-_tWWg,1DxI1UnhdO0DyMfgfGZDTy,9,1
5c4HJeHd5TBrAYca6ExLES,Go Go,214,7,uYQCrB9lM_8,5r50RTYSYBtOkHHIRC9hRg,3,1
2iPxDFeN27VrKgGdZ0AIKw,Whiplash,202,58,3aXICXndIRE,7H5FkCA6cTDBX3wtvIbN8s,5,1
7ez0GleWkVehEBqm4zfwLU,Gucci,180,0,nhRUyVMkaNI,1e1gNwMtLXI9PI9BfLT3kC,1,1
0NLK9ouDRXuzDypCNtv8h1,THE BADDEST FEMALE 나쁜 기집애,243,49,7LP4foN3Xs4,767KnbIncK9VAHSFVIiK00,1,1
6TBGYsimcC1FarPc0I7AYN,Ice Cream (Feat. Maboos),241,44,16M1beZCWnM,3VeAhTrnrIzZTJ6qEsByAg,2,1
5G4d1PtWt3NgvUZInXSkLE,Papi,186,40,wd2_y9z5R3A,6yJdchE7ARS996BxRgplFH,8,1
7gRDxsHKZOMduqp0OXO4rI,Dangerous,194,26,kgLIVldiY74,1NiVUXOzLEaI1qmDxU2L3J,3,1
0EmJRLb8a5axjX0swbsVBR,멘붕 - CL SOLO,197,54,_8LnzDTaCDk,6Eqd0eQ19NHqkjI17ISfnu,6,1
4p7mS0e5GMsBIg1g61ikpw,개소리 (BULLSHIT),182,56,rYYit4cWaLI,5dD4zxBFm8fnRYQnFIEqLR,2,1
5olU48ccGC4YbZWRuDeVlk,Boy,211,42,c--vtTILYek,7vZ0v0ZUX9KSCdZgCrtovy,1,1
0fp7yXkUbwmM8ML6sWu6HW,Chained Up,213,51,vqzBrI76e4g,0xV4AYgTAeT6JzGuXmki91,2,1
1vB4viek8riCix3oKRTEH9,Stigma,221,56,LmmV2b23DV0,7LF4N7lvyDhrPBuCJ1rplJ,5,1
1QWxddJmOhQb1vDdyTipMR,BTS Cypher 4,300,67,8Z8SSV778pw,17FnTn4P3Bkyf6mbNQDhhy,11,1
0c2E2zcsp8EoWmfw8YQphH,Autumn Leaves,261,63,6bLTGKawFu4,7qvA0kf1dkmR1As2gOnBPn,4,1
2Y75ADhx7XespDNxQALACc,Tomorrow,262,51,vD5u-HYGXIA,74mP0wS6SgwNWipY1nKUB9,8,1
1VLEqquT268Ke46e5DZ1dH,"일곱 번째 감각 The 7th Sense (Sung by TAEYONG, MARK, JAEHYUN, DOYOUNG, TEN)",219,51,3UGMDJ9kZCA,2KqjZihoHmimTaPaC3dNb2,1,1
7I2nbddpDYsAe6e4biIxEO,Baby Don’t Like It 나쁜 짓,164,60,MGYvoiixLmM,4EEfpF1qcPAl1J4Z770A2U,5,1
2nxYJsog7BFm0xCg90MIQq,Thirsty,232,54,D25FPfkZ0GI,2Ka8QpE2XUUjL4vOQihkJH,6,1
1T7NW3LwpJZw381bfiPPBz,Press Your Number,288,52,XsOGiTSZ_cg,3BPjJEl3GqXKDhYZf7iFfs,2,1
7EYDRfuloB4kG28ECZkPZB,Drip Drop,230,50,Oz3mm3tPKfg,3BPjJEl3GqXKDhYZf7iFfs,1,1
5hcO4JPFMFgQ5edWGhhhaG,괴도 (Danger),207,55,UF8m2JIDjKU,1QQ0J1e6itmf2lufaeFfo5,2,1
58hcZDnDFJMuRKg0ka9cOt,Sexuality,220,49,GrdtR49x0GY,3BPjJEl3GqXKDhYZf7iFfs,8,1
23FeHzPmXrVSoJJpU8H1Iz,Artificial Love,244,40,ts_x8wjrs4E,4e75ohAqqgV3zgLn8qMxki,4,1
6MYEeyznxIzZIOsFpVryrM,PLAYBOY,213,40,WXvhnlePPxc,2tSO8aEYf5YvpwmvvrOWH7,9,1
2sX8TqQZIEwNHybyH3gXld,주문 Mirotic,229,51,HtJS32n6LNQ,0EsY5ILLEfwUaQjON4RNMq,9,2
7eUtsnBNOWfWDObBZyU4F4,new,193,53,LIDe-yTxda0,4Rkz00xg0zSLdmipbG6uRr,1,1
6ZCugHZvchMlF6DqMDYIW1,Singing in the Rain,238,0,RWeyOyY_puQ,5oy5oSghkmsOjZS5nu2r6W,1,1
1j3zXAq0W9cLIpiAXwcYXF,"Girl's Talk (이브, 츄)",197,45,ut7MyVIG9oI,6YeZQkSgIVYCBefzTxwVdu,2,1
4wOXL5AcwYT1Lc8IuqZfot,Chaotic,239,43,OPADSpVJmdk,6J6hcDzG79Uh0xob2e5J29,6,1
5V3cwxCMYUHCf8dtWgbw7e,One Step (feat.Jay Park),198,38,Dqums9eXYVQ,1DVurmzIRwsZ6ak9SVM2XC,1,1
0k6ItoyE50QuW50nGYLO2v,Drive (feat. Gray),219,0,8HFxbY8YvDk,0pW6Q9brZc5MEmrMx9aAUV,11,1
4Y6Voc2xpc4lPD5iKpN4o2,Solo (feat. Hoody),266,0,4POUDVKNXVI,0pW6Q9brZc5MEmrMx9aAUV,6,1
28hn9FOXdzip1x3F9tfpZb,Replay,151,0,XTNPtzq9lxA,0pW6Q9brZc5MEmrMx9aAUV,1,1
7tWfmoStuRJCsQYZiv5Uwi,I Don’t Disappoint,212,0,AiYCg7y5Rbk,0pW6Q9brZc5MEmrMx9aAUV,2,1
0wTwQC1TBfmARocEljNDZs,몸매 Mommae (feat. Ugly Duck),208,0,gx_mg-1WhWw,1bCQECuGiRPIdEkmCe8m1U,4,1
7agRTmbm6Aq0kyge2aG5GM,Worldwide (feat. Dok2 & The Quiett),363,0,6I-CWFvEbto,1bCQECuGiRPIdEkmCe8m1U,1,1
70sKpBigEABSZQmlo5nOYj,쎈언니,179,0,QdZ3AzhY5Fo,6WPrjMhe9aqf9VxANpa46t,1,1
4ZEfDHV29vbM5conksivxy,NINANO,197,39,nmZGpBIz_Gg,3iiezG10DJSJU6HZ5t4G9C,1,1
35eNefGll9Z7vP3D3Fg2Ju,Cider,189,40,-YJFr4pwwl0,17nM2ruhCRbEqX1vWwOQp2,1,1
3sLblaaGaR9algWYZTSznN,She’s Coming (Prod. by Primary),249,3,rDnQ2zRHfuA,1Qqxf2nbWLwRGNgJpd4rqp,1,1
1PVluFXbdOTv29475JS2Mj,Paradise Lost,246,45,4i32ANEa5mk,1fghVqJ812j2fqPYrSFd0Q,3,1
3Mh1qIRhKi7g6ZlMvtgAGn,Fxxk U (feat.Bumkey),236,36,VSAVsstaj4E,0piskRApt5KdcJCjsuBN6t,2,1
2z5BsSuiLSBGidcH9B1CZE,Deepened,203,2,0_pC3KXT2r4,4Wt0TAJuxIRpqxelz7S1cz,1,1
23QWj2CyhiUU6KLnmR6yul,Dr. Feel Good,215,38,gGN_W4VBZFo,2LMrWKZ6Ei0HSEN9vcigmr,1,1
5bHHIh8rTDH3ukXrdp7lcw,Dr.feel good,215,35,gGN_W4VBZFo,4rNbLQCtgRSSCvYjk12zX3,5,1
1FBuZzEpuLvmcFBumBLBxp,Secret Time,206,10,ep5X71Lqg1M,076WWC6bTvsL0N2kyM78Qi,1,1
6s6ZgLs7qexSGgzN4lrLQA,SEXY LOVE,315,47,ShVRP09NCO4,2zvjxB4M6CPp6j2W8XqSuq,1,1
7AoK7YuZ5sQYtPofTFElIE,I'm Not Sorry,214,59,wzvRxguTPa4,59CGYWCNXuLHADvHwBHMhv,1,1
2p980qlVXYLh3HdHusbhfa,Pour Up,214,58,8wpX6164uk4,1MW3txTS49ZGvyLi0fziLU,2,1
6wcRv0UBvEH9NCIA3IVyQs,love,264,55,SkNB5AsgZOc,1T31bmhGoWoSHmZUjKilzi,1,1
4fCUZbBdlcUY3KUqHdEoZK,Bing Bing,225,44,dfMELZBBVRY,4AltTzzJMv0bER1rj3oUln,2,1
5N3rXELAY2c1UBgWlARBYY,Meow Meow,197,0,8JOdWGMJp9E,33jMaPi4Y6XdilvV8A5356,4,1
50WjJ7Haxc2ZKaRKJhYybD,BODY,199,57,IlJHZJ8EqeA,0PdAg07vtuG2iqJE6abWNE,1,1
2JdLBTvPiH1BxuhzXvb4UW,FULL HOUSE,226,46,yMBPLGzW1UI,1YE7cpewhyGIEQ0zubaKFb,2,1
6BMoDsXoj1bdIRBCYzYjcw,Oasis (feat. ZICO),197,0,_1SX7W1IfJw,4yH75Y9fEWuDXRkuP35CKw,2,1
4zl6iEb8BqLsvsupqcEsx9,우아해,226,0,6CM5iC_isug,2f9Pae8JWuf6kKpNhfOf8a,2,1
1IP2NS7ov1MAh2Y4Nc4HId,AH,208,36,DC766xWLldM,1JshUSmwYY6kIKNavZQQAG,2,1
03xB2RaR17TyaR7tAfOYde,Bang ! (2011 New Recording),203,29,JDUfv5Vycss,1fgyOFuEGFnWRTT1SwWH0V,4,1
40gUfKHwCNLpXowFN9Hvsu,Alone,209,53,E0ZHXVp_wUE,5PXVRXQIPAXH0j78MfeDrV,2,1
41qLzxymjkp0R5vl3REb1S,Be Natural,222,48,QpAn9ryoB4Y,4OeQ9nilS4Sy3efzt0hVFi,1,1
1iEzGFEux7t1Wk41LOaCCr,D (Half Moon),232,0,eelfrHtmk68,4g6plYTZnrC32T2M9wtUfH,5,1
7pcg7sM8jjPbI86bc3gyV9,Broken Heart,228,42,bTU923ZhQEo,0ESTAnvX2zjMBxzesNAiR7,6,1
5mnevkfhOWDzuvIIfRqv1c,FOOL,235,0,GsebMOWQiYM,5Lzl77xwAyReRnKPQkEjZH,2,1
5jBGI01km1Rt8gqBKVCU7R,"무제(無題) (Untitled, 2014)",229,0,9kaCAbIXuyg,2SOEQhCJdBlxrIV68Wfisk,4,1
2X0JoUDECDLmvlWxONeEY2,예뻤어 You Were Beautiful,284,0,BS7tz2rAOSA,5Kq44LhaMtdQeQIxyrUySg,3,1
1L9X1uzSZoPwyVzFOIOKDh,Good For You,199,44,gb0fKaENYI4,0woMyvkTKuCuiMLvUi3BsH,2,1
1fON4Vym57LYfRqTD1KZe4,공허해 empty,248,0,gEqlF5N8UMs,4qNS8mbelilXUaNVahRYtZ,1,1
2orE4MtP5Oy0ynoA1KkF3t,"눈,코,입(Eyes, Noes, Lips)",276,0,UwuAPyOImoI,27XDcBXIllsjdrwMoOM5Wm,2,1
2bICXpyhEG16g9sKHugKjL,비행운 Contrail,179,51,zKxNeyXULQc,5lshjKXIJpLqUW3JWsT304,4,1
1n2tcuMOBKJ1rE3n9ClsAy,BLUES,237,0,3i6_zqIPStE,6g7wS55uE3eKGW3j2Hoaci,2,1
53cvF5TXybzRbhD23QEFCM,Sofa,230,0,Ianq_1GDzbE,5SPnw5Rs6clE3KLIH9IFYz,1,1
7iXL8WCagyp9aoWTWF1Tn8,BREATHE,295,0,5iSlfF8TQ9k,6rFLPutPduVsUMY43jIaJk,2,1
2XBwLQkHIbn0xQYpVt39Va,A Few Years Later,229,38,qqqRn0l0PKE,7vI95ypTA30O2IlZBpIMQP,1,1
1NosPv9hf3Duwl3I1JKM1z,가끔 (Sometimes),264,0,VN4EusA9zmE,3KBccxS50k3tqRJ1G3MWh4,1,1
3E1lp2AXRu3v4CiXJ8D5hD,투명 우산 Don’t Let Me Go,226,0,AobsNlp7DBE,7FaQCY9KLjVNBecWZagXwr,4,1
3d3RUv7bMGWEHw5Rr6TBjL,Haru Haru,325,0,MzCbEdtNbJ0,49cfNmV24xZ9IBlZ6QFLzT,2,1
4BBWAJ5bQAWFBsI6I8PBSt,Melt My Heart,255,16,3seYLqWCcr0,44BoXvyaslCItBeAKNZoT8,1,1
6mzF8HvHdVrzJNd8M1uFCS,Beautiful,217,46,_5TJcaHO2gU,7iUiSK1dCxUTOFq6BWrreS,1,1
77IZ5gbHrUR6lp9gE9QqYb,IF YOU,263,0,hkStCKeLlec,2DIOEfz9HuzawA4Dtj5HEQ,1,1
5dh87xGcp4YqDFBc86Mh47,Please don’t…,228,53,PdUiCJnRptk,2k0hCXVcLcz3JECbGs64C2,3,1
2yB0QdoWwk0z5l9UhMesCV,Stop The Rain,200,40,1SlWQbWOWbI,0woMyvkTKuCuiMLvUi3BsH,3,1
2ssQ4RyZPBOgaSdlJsYUay,Rose,223,0,Ff_SuAzll90,044QUTXE2d7RXA3vTz2TMU,6,1
5C7WvWNvBO4cTVH22Wn9uc,이제는 안녕,219,0,kivSgzg5vz4,3Vp5UGeJIFoJ97hApMPo8A,3,1
5SWDvM33AWtBE2UylcEWTg,HURT,219,0,4SFJoIOrLNo,1LAtXrg1eSZ0sHbdzWoKAj,11,1
5dC79m39ThfNFIHfaUx0Ge,What 2 Do,230,0,gMrYfJGm7kM,4g6plYTZnrC32T2M9wtUfH,4,1
1D6lK8qADoErTTLkY4YBfM,Everytime,190,68,fTc5tuEn6_U,5TVsuCwCLLBk9qpElbX7nE,1,1
4sk5jpMmS1AiahoYPpnw49,춥다 It’s Cold (feat. Lee Hi),369,0,6G7aMogo-UI,545NShFN9mimdodLrUQFYP,4,1
5zWWdqa4BF8tjygCS8E3rO,You don’t know love,268,43,alZ9hvgfIk4,0zTnt5jVnRUOaBEu1hqSYs,2,1
1dzuJ9z66RXuDV3t3gQrFI,두근거려 (Beautiful),241,0,qMWXVc3WAYs,4RqTf1c4BVayDDMLXwSLCf,1,1
1QEVsahE9GMF09j1M1Nq4c,Regrets,289,22,Ep5uBbznELM,6eY6SMRP1BMpz3ayTao91a,3,1
7nctWiO19xb8ZC3nAh5jRW,Because It Is Love,183,42,G9IXQjev_FY,1GkX3bK7EifJLAPLFzWhiy,1,1
2DkrzgIdEtoJCHyYkiKldt,Fill You. Erase You. (feat. Surprise),203,29,0bxuurUOcFk,7AuYXdx2Z1i6UluN9lkwgL,2,1
7rLvsAO1yb7ElxPhkz60qh,For You,197,63,y72_r33ca88,6Ws1NetwWwXXK50IrNvs7R,1,1
29gAZu74rLGbPFBoFNEnYU,Marry Me?,210,17,MddL-FBwijA,6eY6SMRP1BMpz3ayTao91a,5,1
2l9gc7qOi4S59P9TWXOzfP,애월 Aewol,277,33,Qm8A5LUbdkU,5lshjKXIJpLqUW3JWsT304,1,1
1qsjEmjRzXVsmC0oLitHzN,Once Again,237,59,RwFi7wnH5W0,17TnRTTqr5EkE1omGCTXQg,1,1
5BORybllcNNjapY2shRHy1,Rain,231,49,6rj3h-cEqgg,3p0UBB3OZJ9RLb6ecdu2dk,1,1
23Sp4OKoHAmPehmCFsmWdX,Your Eyes (feat. Jay Park),206,26,_VwDnylytIA,7hq1c0ZrLiSKxzhoRacoG7,2,1
7oLXIyY1ZUexU0zcr39Xj0,LONELY,227,52,KbXV2R_Yd1E,6LwIp8r0GbvfPYr7T81BW2,1,1
0Ft9pLHK8GSYxBjDLXZBMd,Fall,242,0,FNnYIIdTBhQ,1XkudALAHQ5nz1P8zHfI8v,4,1
0qruYu1AiLgMQqJYEHgOrO,LET’S NOT FALL IN LOVE,229,0,9jTo6hTZmiQ,407pN41bJq9wAWvauVVGa2,4,1
1EZYtpVrM116vaULIcruIf,Love or Not (Duet. SEJEONG)[Prod. Park Kyung],217,10,FBnxOIjExHs,7lxAnkRj9dTsrbCHIYyMGW,1,1
18YGarcRzoFzGH4SZehizG,I Will Love You Piece By Piece,210,13,OgpIuPHHPIo,4X63uyZ2wE6IbTSXxV2JSx,4,1
1ieDhJfetL1wUFTC0YIriP,Come Over,268,0,D2sMg8mCHds,1wulhT5UbqoiQjHfFblPw4,2,1
04QdJ4sY0fq8EBpvyEXBkG,Summer Love,171,0,SIZ8fDC_XP0,1lbDruJmeN8mMlvJBQgeL5,1,1
2HC6c1d7SiznMV4rkmmxBB,잊어버리지마 Don't Forget (feat. 태연 Taeyeon),230,0,TcytstV1_XE,4laMaViU0DAsIz0iNdXxcI,1,1
35bRmqYn2rYeNdCYH0WGMz,Moving On,294,53,baAwQUnk_Gk,7qvA0kf1dkmR1As2gOnBPn,2,2
0Yz3F0UGDibDe8uU69zmjn,And July (feat. DEAN & DJ Friz),229,34,rCeM57e2BfU,3xUWeFeLn6m3NXKr0FlT3E,1,1
0AO2yQNGcH0ASHHU5lS4lT,양화대교 (Yanghwa Brdg),231,0,uLUvHUzd4UA,06ngphQtoWwkns4H1tpXnq,1,1
5QvDxSU9JM5Y6L6wiI99sW,꿈 She’s Dreaming,243,0,fPqrL3rRF68,73vdukUbH317FjvsE6kflf,8,1
7iV733e1KacKrFRaBNxVEf,Intro: Serendipity,152,62,BEMaH9Sm3lQ,2FTS6a6DLXMNp8flyA0HGO,1,1
4NPARrLIbtMl29ZJv8ESr2,dlwlrma,177,58,8ykMyNHAdKk,5V8n6fqyAPxvFTibPhQVcp,1,1
6NljjfZDdfVh8x31Dwvj7J,Sing For You,251,0,nqaSboKBIuA,5gdBIiSdnlQ4VFrJQ2eAym,2,1
0xTv69YWkYcmMdTFqvxcN2,Replay,151,0,XTNPtzq9lxA,1r35iKDhDpJTkVWBBCtFIB,1,1
5LiWJsSSjZh7Y3hqml18Ki,긴 밤이 오면,237,59,dkzlalagpTE,14cZOtcNhNEQDQUwtg6gcm,1,1
3hm4axDodp2jFEDohQfXxV,It's You,231,67,AhMfiabO3GI,6R2B8rmhp25wFHIGZPmYYI,1,1
1ndZ37FOUNqW7PNWYJvPYk,Sipping My life (Bonus Track),227,48,-S-XezU2YQI,3RlXW94RoRIrAOLMGxUUTg,11,1
3ga39Pl8BtmEQOFLHHnSnb,MISSING U,249,46,t8wJPbmjJy0,1g08wh1OcyBLzMqRjNj5xJ,6,1
7e9gIuoYenaIIOO2ftG6QB,Good bye,220,0,FVX69XqZPhM,64eGzMLFB50yhI3L8oNQr0,4,1
70erIN9ecPDru7T9NSkRWk,I'm OK,217,19,lNV8iRlaGk8,0nCxgNlP3ynhDKpeim8INX,1,1
0zvzglIwe1ac0OdMaCLSat,봄인가 봐 Spring Love,202,0,erErBFKPbMY,1h5XqsWqZ5Ok53tB3rAHsW,1,1
0ESGvKJoja4msEeDhOMDD8,Flower Way (Prod. By ZICO),238,33,I92Cd9OMOrA,1dakUeYDjlm2TQwzbLrln1,1,1
0ePDb0b1tMQlqP9u58pmcg,Habit,252,54,co34EipkpYY,2BNimvLLlD89e4Sb7ZVX6I,2,1
4KMkvQ4pukipifwyjc8fAH,Sweet Lies,217,51,Ei8YAD3leZg,5yUlewRtRySsb77hEoTTIu,2,1
0gAbzOOXtsOIJBKzK8H6VT,For Life,244,0,DTiZ0aCm3rs,2c0FB7FpgF1ORH5k5w32Ft,1,1
1paEGBBeqDYfb9AppAt7BO,"YOUR SONG (with Lee Jin Ah, Jung Seung Hwan, Kwon Jin Ah)",255,51,PDZIKe7O_7w,0etVkROh5WOl6OdYqRHPP9,6,1
6FfFX2rqP7AG0o07VC2Dac,곁에 있어주길 Stay with Me,209,0,1o8cfa5Angg,0pW6Q9brZc5MEmrMx9aAUV,10,1
2jfnHH0QZoV7AYG9AdKbxU,Goodbye,243,53,wEkLHC7l25w,2eDSyLwQ3OG0r5uKqi8JAZ,1,1
2BPXILn0MqOe5WroVXlvN1,I will go to you like the first snow,231,44,By8Iv_TpxCI,42jhVkCdzN4cuIvc0QyXbS,1,1
7qA1ly9O3kKuUIJD3Ia4u3,Stay,230,44,pc3mg5oT1Fc,45RVbFvHsy7bsO7CQ2oQ6e,4,1
0gwkKV1g0lWv6E69bJua67,In The Illusion,229,0,yp4JQjtYm8A,55IvETu3AX6HGxxlalfDBY,3,1
7K67w8RjfY0C35MRnaMtXP,If it melted in the air,224,18,f2dPJLqp6PI,0nlexwhGeD85RSnfWtfPFk,9,1
5efB9wfc6dn3pzll9ElIrH,Lonely,248,59,NpTpEsE9G8c,3eHhVAhT8uCrEPlZywai3o,1,1
2aFIBOe4hOqh78bzjuORQV,We Loved,194,47,t0VpPcMOQ4U,0AKipWsFlP8QWND7BdwAor,1,1
672IEazdCUdNPzIPLeVwNv,I'll Pick You Up,223,48,JbNr4nMbiTQ,0w4974GcQSKPPr8NhVtX5V,1,1
3zMc7plfkAirrepA0BxzkU,Amen,142,28,fEya6qKUbt8,0rsnG5TJ9jv9XuLgri1E77,4,1
5YQ8OVvW80yoZqZ5PK9JXv,Fear,253,22,tdH3I9Kmq0g,38Ch7I5PqyCIugfJCcKTMr,1,1
7LDuJCCn3GQyXvqfakUTHx,Fall,211,46,CWvZl5kYbFg,45RVbFvHsy7bsO7CQ2oQ6e,5,1
3fCZKucLEtLkTLtRUZrfkG,POOL,238,59,UmM7UwdMoSg,4qIn1bOjIOsvHOs7WGPloF,1,1
44tbkK3PkJJlQLrskrrCxT,"전화받아 (Feat. 키노 (KINO), WOODZ, 네이슨 (NATHAN)) PUTP (Feat. KINO, WOODZ, NATHAN)",205,45,AizbMFbblc4,1yGD2zldhHvlLTDNac7Jiy,4,1
6z4suYXf384HJU1bK8PhOZ,Ice Queen,215,53,dLuI2JryhLE,6AeMj5CMeTXRGhmUuv0LH3,4,1
0WSTInLqMrT9po0LAHpZCJ,UN Village,243,68,-EfjXQgE1e8,6AeMj5CMeTXRGhmUuv0LH3,1,1
7tIFeLQFS7A6DLcZ12Mv3U,Underwater,200,65,rtpO9d0pMxI,75sPv82oaDKYjtuuS4l3Vc,4,1
5Y7a8iWIawp1QTbevGeH1V,DIFFERENT,223,62,e8DfkZ0HDXE,56S7zetVLAz7xC5GrmOld3,1,1
07IlTJZln2vfZtJ7vR4IMf,Adios,212,59,3JrDhzPoLkU,3lj9479k4MvQckJEzhlZL7,8,1
6oTdsBJmsEzK55Xzl8QYxn,bad habit,181,53,jWF7PJNFgRI,5LT2wrwER2yxzJ9KSPH4zk,1,1
1uvhaF0YquxqSNbcFVElOj,Stay Beautiful,177,59,hfLZnNby97c,0nI1IJz0ekVLD6vyYj77uH,1,1
66pk208YAMx4UYcAwPzXQd,Sugar,235,35,5Abefd0UCMI,2imXZERIWiGXzarWZVJ0m5,1,1
5WrEilrRI5cIW0DxMvQYPZ,Jopping,285,70,pAnK1y7qjuE,1C1qYeSC9RdgbrKXpZCTSJ,1,1
6KxACudfT4vVXnDUkjU6lN,Hands Up,217,60,0It6vWbGOX0,5HyrUteikoFGu38bAf7zYc,1,1
2z0LVG9G2SpFaT5bHyWwjK,Dr. BeBe,238,60,eMIBLloecRI,7KrRT3DMomHHFtRCdK6sPs,1,1
339xlPKDLkEkFBFkMfAFfJ,My Pace,227,63,pok5yDw77uM,0g1j2seZWd8MWCRz4zGLg3,2,1
14tNUeer5gUbUYvhYYTclS,REVEAL,211,61,PugZA26sj-8,0mCPYdhQPWUQtQSp4CSxNh,2,1
52Ympobu59UXxyhdCUww1y,Good Guy,206,59,n8zQysKciao,6OWLP5aWafuctNQoJka9LQ,1,1
19t5GSN3XsLB7UOsZD8Fwv,CLAP,211,65,CyzEtbG-sxY,5aHdNainJWMc3n2AqfiOg5,4,1
6k67RdkVjTZj79c1cRz7IQ,WONDERLAND,205,68,eLfpeg3Fofo,4HGhzqQEY1X6WWZw6MhjlO,2,1
3szOUJ6GA5vASA3lZoaWmJ,Bomb - Korean Version,260,56,0atAiiNn6HU,12f1HfzQ9lqohKvd0RAgQf,1,1
4hrpoqJMVE7FxBu1YWx0eQ,Not Today,291,71,9DwzBICPhdM,7LF4N7lvyDhrPBuCJ1rplJ,16,1
3cl6BsTDeeGRbgug5TXrvg,Shoot Me,180,66,g2X2LdJAIpU,7cAFD2IBjYXaZr2bZdTTIf,2,1
2MsNSKQNQNRklkKFxxvIav,9 and Three Quarters (Run Away),317,71,6yWPfUz0z94,5KoR6s906nbO21C9ZPdwTv,2,1
0xHgclG2TeqIzB8N3Wb5rP,HIT,204,61,F9CrRG6j2SM,36HsGgJsOHL4cHqR4J2GEU,1,1
55kuHkT2CWhWKF6CoRDnJq,Dumhdurum,221,69,WqzTRK5GPWQ,49NKBZDb92AQlMFypkZRTF,1,1
2SytGgja3g2R2N9lzV6n3E,Dionysus,298,67,-moUJ3Lw_TQ,6mJZTV8lCqnwftYZa94bXS,5,1
4CvId64YZSB0RfRdfzPIQU,So What,279,69,hytBK5sNFZc,2jJfnAZE6IG3oYnUv2eCj4,10,1
7xMBlV5OBTiHlUraGaHGqs,Shall We Dance,184,53,NHglTopVlKQ,1iYRYCKYO7AkQetL2ukNJp,5,1
7vZseKiQOIuFxxfi84302k,Double Knot,200,61,UWoyeuwj9c0,3SoaVGrOhUhSSdaanMdbbI,1,1
2N8gVC6b45879mbNo9IMZr,Bad,217,53,i1oTSAhdzNQ,4rcCDHuUPZWtnQ380SXHaN,2,1
2ujZatFh8uZMkiBTu2z7AH,Good to Me,191,62,Jzm5yu6-Gnc,1Or4crj0DlitdTRp36TjnT,1,1
4rm9NacKlPRfRGnUFByroW,I Know You Know,188,40,HdAvNO2ar6o,1cXSov8tF5PietO9VICqDI,2,1
0mve4vxmwumqI6gnw7euma,No Air,247,59,8n6pRkpVsyU,0OQZQq2066KZgauv3M24CK,2,1
4lxiXjwUndTaK5j93tKaQL,OMG,209,38,6Js6M0JkPS8,28XTJpEAGBdfASGODUiFo5,1,1
13PuXAY6A7Ws2aWQd6dci0,X1-MA,324,50,F7lPWLr-rJI,7EvcWYZcfEwZ8Im9fMoPMb,1,1
3cRMTLKS4Eabhxu1qmyKRf,IAM,205,47,tyNvncvBzaI,1WzVAxZWm3JDNbI0jzk0dF,6,1
7wfbHZcNtENuAcbog7c6kQ,Ooh La La La,198,51,7XVPxbZ_C9Q,0aMI0Kctp6xwSnRFakNF3D,3,1
1FCg1WCF82b50zT1Sgg0qq,Spotlight,297,45,95UaYna70Ck,1u6A9D6lnJ3RT1wRjVRueH,2,1
4hQHA562yLkVKlakkOkz5l,Illusion,227,61,LMrZu1Sx0RM,4Y8cigF15iNUSV1dhlQqRg,2,1
3BX4s21i59qVBRMDunqSqj,Pretty girl,213,53,cBlFJUuwO8g,1OybPYKdwzIzBoeFH1RHln,3,1
4hxHDNSgUPiNL7ofrW2e97,MOVE,186,53,ne5-_HpmL2c,1OybPYKdwzIzBoeFH1RHln,5,1
7k1YG4KliiXCVawNyvwT7X,SHE BAD,216,40,wPCh5I_R0ro,65Bt7vUBjsEpWv11eNMol5,4,1
5ZmZnO37y2neKxn2KVhuLQ,Love Paint (every afternoon),189,42,Ee15gbUiqfs,2kol4AtxVszuo0MJoqoJ5R,3,1
7fMr8hvwXVWO36ZD24HBeR,HIT,204,61,F9CrRG6j2SM,4btxaakgIaE1AkXqpReLwd,1,1
0z0zo43gGLVSvPalKv2jlP,Pink Walk,210,49,0S1SnTa9A8k,5p4dKm8Bnoi62U26W9opAI,1,1
5vZU1sYp7e1osTKWIMtof5,Trouble,239,57,Z6XTXGxoPfg,7uNyF6MKaVHi5TJqIiNobm,2,1
5COO2JgOmHIJ2jsXFwflz8,Breakthrough,218,62,ZdKYi5ekshM,7LWfEiSeue9BXPbUOH34q6,1,1
6P79WvoWD60NKDHxKNxfxn,Without You,252,56,UjkNOC9h3_g,2iNuqI81QpukRsKAmEIJeF,3,1
1trFxVLL8WKhYap543e74l,Airplane pt.2,219,66,pN82EZiUkr4,2jJfnAZE6IG3oYnUv2eCj4,8,1
6dr6QeqH62tYUiPezRbinq,Dope,257,63,BVwAVbKYYeM,0Gv6nwfgk6Cy62j0GGITQc,5,1
1qISta7z0s8B6zc1awcCVU,Tulips,195,33,okUhIALJAPQ,7beQFEkNFuQ8q39fp2psKX,2,1
4gDyNYMkzXpMXjVHgRoWC0,Say Yes,231,43,dYAjuwyib2U,7mP7AFehQDonPKEQiXvpvB,10,1
2K421A9GSAxfybVhjtOZnS,Adore U (Vocal Team Ver.),223,43,2usaCxgDpeY,7mP7AFehQDonPKEQiXvpvB,12,1
5NvhFPnIOnSTLmYSY6E2SB,Sudden Rain,269,45,tbnvBuRS150,1AIAPDjo7yoK8L9PldQDVd,1,1
7jqdsibIsXHoVxxDFtrPRZ,"Love, Love, Love - (Acoustic Version) [Studio Version]",227,0,rpGYiTbMdiA,7K1ENiznRIHAcW7JoxRNuR,15,2
45cB3Ehar8LBGqzkXWIG0J,풋사랑,211,0,rnF-0sqFCuU,5KDw3jZVXGQ8e6vLU0MtAq,3,1
4bRniHgokYQNWeFTbkLIos,I Don't Want,251,30,M-TS9KcZsUY,6Py1in4kLxzcr1BaMY0qbj,1,1
7MpdeQ4QHSrhl2IXBRRZBi,Young,199,0,Skhwqq-iGQM,1H8bfkcty32cNSHfgPIDXU,1,1
1emmaXbP2gfpdAwdoek4a8,"시선 둘, 시선 하나 What If..",259,0,jcnGLIsQoXI,1LAtXrg1eSZ0sHbdzWoKAj,5,1
0ULA2rzYrwQK1CGVQvV13j,I NEED U (Urban Mix),216,0,XcL9OdH48dM,1FLcN9j76qlfLYT5KIlK1X,7,2
4AGgXEtNPFPAMUoDEgjvwX,Wi Ing Wi Ing,217,0,hr4GaRPX6cM,4pPg8mMEDja315sNthkACE,4,1
6pvbS1retq34WubnKg7wcO,넌 이별 난 아직,236,0,zlEdKi8MYBs,3433AN5752lVIHlFKwoipb,1,1
5eYNVMkqUDaZMGSXhwaO2O,Don't Come Back(feat. Yong Jun Hyung),218,22,ETZMPXwenUw,4jihzkk85wcWSV9l4a0RWR,2,1
2wujxMwIMLmnlXoQ08obtb,For Now,239,46,5vn42FZWIuA,7jOt38t5CCgxdUXc5d2o8V,1,1
1zCRu6ONQa4FCADwoZnHuI,Summer Night You and I,207,32,3HJS0b8d-JA,2vo3nvT5oqGlEHGbh1QvhO,1,1
4AbmM1p6tCfxGs898AmL88,House of Cards (Full Length Edition),224,0,OKdDc119Lzk,1FLcN9j76qlfLYT5KIlK1X,5,2
4HJEQr2hdXxKrRdNU5ible,12월의 기적 Miracles in December,274,0,yVLxRXoLaas,7taKyOK4LYB8uEDoR0x2NQ,1,1
1eE5oeA5BFrkHz7BwlkHzi,RUN (Ballad Mix),257,0,DgAVuIuauvs,1FLcN9j76qlfLYT5KIlK1X,9,2
5jJzrVQqZ6S1k74i8TYtsr,Melted,317,0,sUCIzn0mRHc,03eUMhwODEJRYsYEiqtOpo,3,1
36fvnHIT6kkV8jd4VM3e7T,Forest of Skyscrapers,431,21,-KbvUmR6zkg,3uMqletFsWdW5I2dvlGU3x,1,1
0pKMZMvWI2PiIaYgCBCvas,Wanna Love You Again,243,0,V2n-p_PJSz0,1fRtNPXHtZ1DRq0tlNEqoe,8,1
6ToAD7ajJidQTDn72OncDG,꺼내 먹어요 (Eat),174,0,Ibb5RhoKfzE,3JdBY835ai83ZEVwvBsIDN,1,1
6KvLQJm1B7lP3BS8AuMv7B,인어의 눈물 (Baby Don't Cry),235,0,-poEUTl0wHE,7xjycWH5Bq3N5rb9SEoDZG,5,1
60e7UzYJuelsmETRtdsKtX,약속 EXO 2014,287,0,lQt8d_IXS-Y,1LAtXrg1eSZ0sHbdzWoKAj,14,1
41bnFPKfvxItaRXkteInt6,떠나지 못해 Sleepless Night,206,0,KZlSEqt5KAw,2vXJIYkY9eWpTQxwKUbRtr,14,1
7IvCF4BuyOU2UjwS0mgNQN,We Can - sung by SUPER JUNIOR-K.R.Y.,238,0,PyN59MMHVgI,3tLpEVOpXkRifL3nIziMN6,5,1
3lTJ5mNFRjawVcNQVAIboM,10월의 날씨 October Rain,268,34,xV8CCRM29rI,6dqO0mT2ujGme4vKUz72i1,2,1
6Iuy4QmCBR0XV75Ej6Xwol,12:30,248,0,oCmMbil5wCY,2zXnYPQKHk9VNeNniZBKNf,1,1
7JqWQvXuYEPzcKUrTJKqSz,Hello - Acoustic,197,25,i6HIqdiW8zw,1rpUVeHQKZRvfHPn0OEOpU,2,1
2sYcXLI2dtHvHTYKTjpccl,Think About You (Prod by Lee Chanhyuk),248,8,zaiUgWP82Ck,4657RzDqZ0HX96GbkmkWs8,1,1
03SSg8RjYQfGHKcTD9Zv8U,Everest,281,0,-1lIVobZFgA,2V6ebajKz2vc5b4hN1EWf8,1,1
0KWectYQIpmMXYWF8L4id0,There Must Be,226,27,wJ2tepndO7s,0nWBSuq8n7FiqE2pd3WX4d,1,1
0AAZ3I1xQZBfLwqkCWb87e,When would it be (Duet. IU),271,38,o6HFiVaK15I,78lRN77t7u5RpxoYPkMTuu,2,1
6C8HHBQYp6IXmwWERi2sqn,오늘까지만 Until Today,247,0,hnPhZtt-17Y,3hQknooffFRXh7jiJHFOvI,9,1
0yCtE0YjwQ5NKsvfHR9xeT,어린왕자 The Little Prince,274,0,Js_Tf4nPilc,7Dqdh9oAx65Xtn2MTD4Are,2,1
095ZcIDDVr8GYJu6se0n68,한마디 Your Voice,266,0,P5_lBdUmvJ8,6BtGDlv456TTwfwqkNN7af,1,1
0EZZ3GqBRrnaVMpUMSL4Yv,부재중 Dial,191,0,enoz61xMAAw,5czwI33TW6BImRbNg05JRg,1,1
6GS3lnAVy5w6AHWEKYzYeS,What 2 Do,230,58,gMrYfJGm7kM,1MW3txTS49ZGvyLi0fziLU,4,1
61wVRxT2l9NYgN2bbu8mzS,Erase (feat.Iron),240,45,rwNftbOCJKc,2xlOv4KlRfJBbKtPjrJFgr,1,1
4dScEO5I3FRAG7LuzqQo34,Evening Sky,229,0,8WqEp8nbgPg,7IyU3Bqm8ERDh7i4wq4OuN,3,2
4EZe6Gl6UTkkt82jab5nAM,Stronger,220,0,GtWjlj6H-4Q,73vdukUbH317FjvsE6kflf,12,1
4W7eTm3kIuJ5t3APlBhGCv,MAMA,245,8,s7uc6WiWCGM,0RUH60CYmsTbBR1rM8UK31,7,1
42Tsz8zLDN0o08hGCJpKkn,달리기 Run,178,25,mgG6-fOWyDU,1PixKO4KDatrKpmUF9zJNb,1,1
6rHB8HL5jqQdTJ9pe0DT1d,Pieces of You and Me (with GIRIBOY),225,31,jx6GBqZMB14,5HKiK0fyN3E6TkkAJfgj23,3,1
28s5Hx5b1LB4BfgyAVu0Ka,Soldier,211,0,kMV4TUaLaNU,3hQknooffFRXh7jiJHFOvI,3,1
5LBxMvApPk3HdsQdi6DT9L,STAY,241,0,FzVR_fymZw4,1Ovk2wzDGAGYVeHdPj8Eoe,2,1
1UxYNCzvOgMMMvzQe66NIY,Everytime,190,0,fTc5tuEn6_U,3yCSYwHH5m6UOTcWAr1CA1,1,1
6yEfq48XkEzCg0TwY6Hhkb,No Make Up,193,0,eqcte1r3aiQ,5vudrVEnoTqgAgATgafUL2,1,1
3Q5Zs0EH4d7b00xMw3vwSJ,MY ANSWER,211,0,p5jfwPNscYc,1LAtXrg1eSZ0sHbdzWoKAj,6,1
6uu8lid35aTGzbLXlNjOVO,7월 7일 One Of These Nights,271,0,9xWiro_tS1k,3ZkPccW7mkSC7BCulcPFJs,1,1
33lTGgK6qUJzN7wIju57vW,너의 세상으로 (Angel),181,0,ccfWwgoBHaU,5gjyCvsEEqcsYD7LqAK6kP,4,1
50qE377mteo6OiSo1zVpKi,월광 Moonlight,266,0,_gug3b24les,5P76th5WUjiqXxTYIgTXsG,2,1
1PM3hV7cOPE3cbq34UXxbE,Sweetheart,203,40,s4JwGcvxh5k,54JAEnkFl5ocPIx7aEInXK,4,1
6XshUdxavknBQlcnu72LpD,YOUR SONG,255,0,PDZIKe7O_7w,6GUiTUgcpkhKlCZMTLLMI3,3,1
168v3rO6NK84DmmsdKPYS6,In Dreams,226,1,REQKZjthXng,3VETo1G0nG5px77qyGtCxA,6,1
3rXmgsJyJuMfWcAoU0TsiD,SEATTLE,302,0,Pxes1qhbdcE,6GUiTUgcpkhKlCZMTLLMI3,2,1
6pSCWtpZ095B7FOh3VQJV6,If You Love Her,250,0,cUWTTrYXhSs,5bgxRm3MFi4WHXOqEcVcnA,5,1
7Cc6MAJiVMynQuZEMJ0XO8,On The Way To Love,216,34,qaFk4TXdrNc,4WWOSkEbqHq26oBgkLUscK,1,1
2Ysz9dAuKqu1lpsz7VUBJ0,Without You,274,0,FMIqLQR0CYI,1jHQvRq1MvMwOF6ccQsRQr,1,1
7sXeOxmngTSDDc4OYUGhKQ,별빛 바램 Wish Upon a Star,255,0,krl1CR17lsI,5bgxRm3MFi4WHXOqEcVcnA,2,1
1YtVQ4YnQM5sbgN00GAcXZ,Forest,246,19,z4gnoK7nI3I,6i33qLBFDIzoCHkynD3Jmt,2,1
6Mo4q54MmYS0MTvtkdpinH,The Fool,240,42,wEi7N1nhTAo,6i33qLBFDIzoCHkynD3Jmt,3,1
3H0QOzeytDvZz4013V4eBl,With Me,203,11,znnkz1EO0HY,14wknjzBTSm19ZxYFemaYM,1,1
3TwtG4xiKOBLcw11ZvW716,"You are (Jin Ho, Hui, Hong Seok, Shin Won, Yeo One, Yan An, Kino)",418,35,9yeMxb59S-I,5qGs7VDF4c6yg7w9x6svTx,7,1
4OU0va3OL9rPzNuKDr98oU,Way Back Home,480,0,leAgYPCSk4Y,2fQX20OE19Xzq9sBczNI1u,2,1
4Gs2mlmPizmApLLZCaRqdH,Will Be Here,168,0,AiTu_VS4RZE,2fQX20OE19Xzq9sBczNI1u,6,1
5IAKvnizlxujdrM2AZpk04,Dream of You,233,1,HHjj8ToWTYc,08KJZlPFZopfATpGPCEfHk,4,1
6J4SJGJzFtOSHAk9smrsGe,널 위해 부르는 이 노래,207,8,zC8XhLAwKNM,0SWh4qV8nFncox1o5un41j,2,1
0VDPwNiLBK2gnUcY9Fon2L,Love Drunk,239,0,jjHJgzGlXXQ,4viHCpXvfQ4KLAlCOERZRm,3,1
6LvIMEx2afVbV4hksefmi1,No one like you,164,30,ug0WhPQVoEE,6Vi2CohoQDv5sDyjE7mpqY,1,1
4YEQcLpnZGFSejlQrKFLUB,Zig Zag,100,25,zi_kggvG7G4,2P48xP9nTAIJrd0jwDUusc,1,1
27ynIWrpSRFJfcyj0bDTUY,Coming to me (내게 와줘서),239,0,659bDGmxLw0,5qiSLZrMfLUQEwGy73Ag8a,5,1
0c9LcbWrxwbuP89SuOXUjg,Father,223,0,-SUXXx-7VVU,3E90rDB0UsRE4tzBeaPqwW,6,1
2zECqlJZZoKTHrvOtthFRg,Earth and Moon,236,0,U6u2SRLHTOs,6iH2qeK61wWb34IGZfuy60,4,1
3w1OiIgombILLvuVo8HRAm,"Please say something, even though it is a lie",228,0,elPmYH6g-zc,5pcvUvnnXKju9j9qR5b7HK,1,1
2CV7eQVeYtxTru1fZJPnA7,What should I do,188,0,vpwZ9ToLXiI,4w85fYkMq8t2Yk7OgzshYt,9,1
7Jo5oEViT27zCkdRI5hEuG,Who are you,256,36,JjNHZgJqDEs,6O4EixqImEZRPjS96H5ppp,1,1
1c4zpHXMMlGNToAuFJjsyg,커튼 Curtain,264,44,BG_xrO_7y2g,2TVIqlIJWQiybxTfnqdcM8,1,1
4go4mM25Fv0Gl8bL0jqy2X,Sailing,219,2,BToVgKdtTsg,3KLWX1HpwBcOEXgLkJfhJt,1,1
7jVLe21bkwX1DTy1mfkxjB,Crying out,229,52,E9u9v1ikIXE,680xGIfuVXMyY3fxb0kII9,1,1
43ogAyFAzG58KW7rhWeGQE,The first snow,323,30,56txiKgYT3E,5YTid0Ew5Mvlq08gE6ehqc,1,1
2EgFT73iYCS4zhZoqrGyFO,우리 We,219,0,HLcJwWYeH_c,1ZmyYWjM5tSdtA48LFf6tX,4,1
706i3fHxR0fmh2piVWkHaY,달의 노래 My Dear,193,0,A4shBaIlKzM,1ZmyYWjM5tSdtA48LFf6tX,7,1
45Jrrix0l0SPq4PbdATzmE,잔소리,294,0,PnjhzrtgWZw,6xQMgwfYHrtJIYdqORCG1d,8,1
2YctAGYmAn0etO51nRZno0,Like My Father,179,0,pnW8pgrv9N4,1XkudALAHQ5nz1P8zHfI8v,5,1
6ySoz8mujfiQS37xjEEZCv,Siren,224,63,TNWMZIf7eSg,7FapH4ThxhFnwohoMGs4dR,2,1
2pSOUHBQXkN3fS2TAJHhfR,Hobgoblin,217,59,u9OxRFab6o4,74VP5VvY2CISEqfEkH9Wuc,2,1
1fMXWEkJpIH483OrKn1zFV,"SO HOT - THEBLACKLABEL REMIX BLACKPINK ARENA TOUR 2018 ""SPECIAL FINAL IN KYOCERA DOME OSAKA""",147,62,okr7hkVuuRk,1dH4B2bWb5Ys7aszi9KWHA,10,1
5nq1uTNIR1cBR72T87viS0,Go Go,249,65,TEl6KgcfSA8,2FTS6a6DLXMNp8flyA0HGO,8,1
6m96zMB8BrLrpyT7NvApxB,無限的我 무한적아; LIMITLESS,249,60,zmUn7V6uuZM,4EEfpF1qcPAl1J4Z770A2U,1,1
1XjipVUiZ6PAAWYbUuSQnS,Candy Pop,265,51,wQ_POfToaVY,3Bi7hl11zYHpw6uE6gAtSs,3,1
1qq7YnBOcXtfX3tCCMJllG,Black on Black,206,60,1CYH4F1KCw8,3KAJvo62RNQEtXwIyB5rzX,7,1
741wqAxJIPwjHWLjyG2so6,GO,217,61,cD8SYW8rjaQ,3KAJvo62RNQEtXwIyB5rzX,4,1
3oJ7NaVHfhZBR0Yl9L3AhF,District 9,230,57,u6unJQownW4,5daUbxpeArCAUOJnHI7JIH,2,1
5qA5DAR5xTjQUGrl0eBbmR,Really,195,62,v_6uVOPvQ58,2zwfcNqJe7IT1RwgVyv1ug,3,1
2SYa5Lx1uoCvyDIW4oee9b,MIC Drop,274,63,kTlv5_Bs8aw,2FTS6a6DLXMNp8flyA0HGO,7,1
3aW0ds4A4tSQDIp75FqWTo,FAKE LOVE,319,72,7C2z4GqqS5E,2jJfnAZE6IG3oYnUv2eCj4,2,1
5rPZMrKqHHVVCYOom7OkFO,GOOD BOY,251,63,1ZRb1we80kM,3Rc577WJ2uXFED2Imt1177,1,1
3z71PPsghveDBuOclAPlME,COUP D'ETAT,202,45,C8T6771Sdj8,2UnsLU2Qtc7RfajHVEw9yg,1,1
6XRbRizO1Nqk4lvmwvGlXv,CROOKED,226,59,RKhsHGfrFmY,2UnsLU2Qtc7RfajHVEw9yg,8,1
67LJNZyfDA1uaPCtlpyuKN,Hellevator,252,64,AdfIfFGCqgo,2vkaB3rUSU7S59iqy2pbj4,1,1
1hehPTlSVIhHEvCkVoe4HX,N.O,243,61,mmgxPLLLyVo,7xp8NlqiWjtSJ8oFvyShB2,2,1
44gWm1spxejf9cc589qV28,Boy in Luv,283,62,m8MfJg68oCs,5DIb84mvBHZnYFpIsdt2tL,2,1
4ZSLc2F15wKVPjyLt169tt,Just One Day,249,64,DTcKkcyS410,5DIb84mvBHZnYFpIsdt2tL,5,1
4z9gBZQjGS4QLb4LOvmeuA,Burning Up (Fire),295,72,ALj5MKjy2BU,7qvA0kf1dkmR1As2gOnBPn,10,1
3CYqr8tC0Y3mrw80y6zqJC,Spine Breaker,152,59,klDj_wqaNO8,5DIb84mvBHZnYFpIsdt2tL,8,1
6RioKpKPuG1vuyU0wnlAZx,21st Century Girl,198,66,1uRgSMCph6M,17FnTn4P3Bkyf6mbNQDhhy,13,1
1ACMf8SOANvKlOu4vTWiJN,Silver Spoon,236,61,bPM7uIuB2Gs,4frjaGAtuBmm8CPuYPY4oG,6,1
3D26URfsMlCNaa51mj9jOt,War of Hormone,299,63,XQmpVHUi-0A,7FxxU3EP37uMsZf8FilkDR,3,1
3zIG0WuI5RoJsFYnErkFDU,Don't Leave Me,228,68,Cz6BUM4F2tY,66J1OXSaS3hBZASOV3el8t,7,1
6BdchFAP4TUZUceAsAEb5U,일곱 번째 감각 The 7th Sense,219,60,3UGMDJ9kZCA,3KAJvo62RNQEtXwIyB5rzX,9,1
7ylPnfqrI8c9vbJz0WBIxS,Chain,226,49,28XC2KRE-DE,5ZZi6WiDmPcTkx2Vx7n61Z,3,1
